episode,reward,epsilon
0,-8.434,0.995
1,-6.236,0.990025
2,-6.582000000000001,0.985074875
3,-11.962,0.9801495006250001
4,-7.61,0.9752487531218751
5,-0.7519999999999989,0.9703725093562657
6,15.070000000000004,0.9655206468094844
7,-4.589999999999999,0.960693043575437
8,-3.8099999999999987,0.9558895783575597
9,-5.278,0.9511101304657719
10,6.069999999999999,0.946354579813443
11,-6.606,0.9416228069143757
12,-2.176,0.9369146928798039
13,-0.9859999999999989,0.9322301194154049
14,-7.546,0.9275689688183278
15,3.8660000000000014,0.9229311239742362
16,-7.36,0.918316468354365
17,-2.3359999999999985,0.9137248860125932
18,-7.593999999999999,0.9091562615825302
19,-6.836,0.9046104802746175
20,16.47,0.9000874278732445
21,-2.176,0.8955869907338783
22,-1.362,0.8911090557802088
23,-6.574,0.8866535105013078
24,-7.4559999999999995,0.8822202429488013
25,-6.708,0.8778091417340573
26,-8.426,0.8734200960253871
27,6.498000000000003,0.8690529955452602
28,-0.11599999999999833,0.8647077305675338
29,-1.7400000000000002,0.8603841919146962
30,0.002000000000000113,0.8560822709551227
31,-9.008,0.851801859600347
32,-0.23599999999999666,0.8475428503023453
33,-6.582000000000001,0.8433051360508336
34,23.292,0.8390886103705794
35,9.192000000000004,0.8348931673187264
36,-7.013999999999998,0.8307187014821328
37,7.516,0.8265651079747222
38,-6.308,0.8224322824348486
39,7.788000000000004,0.8183201210226743
40,-7.384,0.8142285204175609
41,-7.9559999999999995,0.810157377815473
42,-1.8920000000000003,0.8061065909263957
43,-7.9559999999999995,0.8020760579717637
44,18.871999999999996,0.798065677681905
45,-9.134,0.7940753492934954
46,5.052,0.7901049725470279
47,7.099999999999999,0.7861544476842928
48,-2.146000000000001,0.7822236754458713
49,-3.943999999999999,0.778312557068642
50,0.21799999999999908,0.7744209942832988
51,-9.902,0.7705488893118823
52,-7.9559999999999995,0.7666961448653229
53,-10.155999999999999,0.7628626641409962
54,8.160000000000004,0.7590483508202912
55,9.326000000000002,0.7552531090661897
56,-0.7140000000000004,0.7514768435208588
57,-4.927999999999999,0.7477194593032545
58,-6.106,0.7439808620067382
59,-1.8920000000000003,0.7402609576967045
60,-5.942,0.736559652908221
61,-9.008,0.7328768546436799
62,-1.2020000000000008,0.7292124703704616
63,6.182,0.7255664080186093
64,0.18599999999999905,0.7219385759785162
65,14.326000000000002,0.7183288830986236
66,-2.3359999999999985,0.7147372386831305
67,-9.934,0.7111635524897149
68,-1.8039999999999985,0.7076077347272662
69,-6.550000000000001,0.7040696960536299
70,11.98,0.7005493475733617
71,7.049999999999999,0.697046600835495
72,-7.6259999999999994,0.6935613678313175
73,7.35,0.6900935609921609
74,-7.9559999999999995,0.6866430931872001
75,-6.212,0.6832098777212641
76,-3.461999999999998,0.6797938283326578
77,10.583999999999998,0.6763948591909945
78,-7.546,0.6730128848950395
79,1.4759999999999973,0.6696478204705644
80,-1.1879999999999997,0.6662995813682115
81,-6.212,0.6629680834613705
82,5.922000000000001,0.6596532430440636
83,3.5999999999999996,0.6563549768288433
84,-6.550000000000001,0.653073201944699
85,-6.582000000000001,0.6498078359349755
86,-10.368,0.6465587967553006
87,-7.61,0.6433260027715241
88,-9.008,0.6401093727576664
89,-6.3500000000000005,0.6369088258938781
90,-7.9559999999999995,0.6337242817644086
91,-9.134,0.6305556603555866
92,-13.065999999999999,0.6274028820538087
93,5.310000000000002,0.6242658676435396
94,-6.606,0.6211445383053219
95,10.687999999999995,0.6180388156137953
96,18.252,0.6149486215357263
97,-0.7700000000000014,0.6118738784280476
98,7.491999999999999,0.6088145090359074
99,-5.385999999999999,0.6057704364907278
100,-0.29599999999999993,0.6027415843082742
101,17.666,0.5997278763867329
102,-9.008,0.5967292370047992
103,-2.2479999999999993,0.5937455908197752
104,5.834000000000001,0.5907768628656763
105,23.130000000000003,0.5878229785513479
106,-4.531999999999999,0.5848838636585911
107,-7.9559999999999995,0.5819594443402982
108,-0.29599999999999993,0.5790496471185967
109,1.504000000000002,0.5761543988830038
110,-7.9559999999999995,0.5732736268885887
111,9.189999999999998,0.5704072587541458
112,-10.208,0.567555222460375
113,-11.294,0.5647174463480732
114,-6.606,0.5618938591163328
115,2.392000000000003,0.5590843898207511
116,6.280000000000001,0.5562889678716474
117,10.13,0.5535075230322891
118,7.7500000000000036,0.5507399854171277
119,-0.8260000000000005,0.547986285490042
120,0.18599999999999905,0.5452463540625918
121,-7.546,0.5425201222922789
122,-6.582000000000001,0.5398075216808175
123,-11.66,0.5371084840724134
124,6.069999999999999,0.5344229416520513
125,-6.606,0.531750826943791
126,31.619999999999997,0.5290920728090721
127,-10.04,0.5264466124450268
128,-5.027999999999999,0.5238143793828016
129,-6.606,0.5211953074858876
130,-7.9559999999999995,0.5185893309484582
131,-0.29599999999999993,0.5159963842937159
132,-8.298,0.5134164023722473
133,-5.962,0.510849320360386
134,-6.212,0.5082950737585841
135,9.106000000000002,0.5057535983897912
136,-7.634,0.5032248303978422
137,-11.8,0.500708706245853
138,-7.1579999999999995,0.4982051627146237
139,3.175999999999998,0.49571413690105054
140,-6.606,0.4932355662165453
141,-8.7,0.4907693883854626
142,-6.550000000000001,0.4883155414435353
143,5.403999999999998,0.4858739637363176
144,-12.54,0.483444593917636
145,5.981999999999999,0.4810273709480478
146,15.018,0.47862223409330756
147,-0.668000000000001,0.47622912292284103
148,-6.140000000000001,0.4738479773082268
149,-0.8899999999999988,0.47147873742168567
150,0.20400000000000007,0.46912134373457726
151,-7.61,0.46677573701590436
152,-0.8260000000000005,0.46444185833082485
153,-7.9559999999999995,0.46211964903917074
154,-10.448,0.4598090507939749
155,19.032,0.457510005540005
156,-0.8180000000000005,0.45522245551230495
157,0.5879999999999992,0.4529463432347434
158,-1.0819999999999999,0.4506816115185697
159,-3.678,0.4484282034609769
160,-9.339999999999998,0.446186062443672
161,-5.984,0.4439551321314536
162,3.566000000000002,0.4417353564707963
163,0.18599999999999905,0.43952667968844233
164,-7.134,0.43732904629000013
165,13.258000000000001,0.4351424010585501
166,-0.9859999999999989,0.43296668905325736
167,-7.9559999999999995,0.43080185560799106
168,-7.6339999999999995,0.4286478463299511
169,-2.3359999999999985,0.42650460709830135
170,-0.22999999999999865,0.42437208406280985
171,9.654000000000003,0.4222502236424958
172,-0.7940000000000005,0.42013897252428334
173,0.16199999999999992,0.4180382776616619
174,1.0120000000000005,0.4159480862733536
175,-2.225999999999999,0.41386834584198684
176,-8.498,0.4117990041127769
177,-1.588,0.40974000909221303
178,-6.308,0.40769130904675194
179,12.084,0.40565285250151817
180,-10.812000000000001,0.4036245882390106
181,-10.376000000000001,0.4016064652978155
182,-6.708,0.3995984329713264
183,-8.248,0.3976004408064698
184,-2.466,0.39561243860243744
185,0.5879999999999992,0.3936343764094253
186,-8.58,0.39166620452737816
187,-8.758000000000001,0.3897078735047413
188,-7.9559999999999995,0.3877593341372176
189,10.648,0.3858205374665315
190,3.413999999999998,0.38389143477919885
191,-7.9559999999999995,0.3819719776053028
192,-6.5840000000000005,0.3800621177172763
193,-7.61,0.37816180712868996
194,6.0600000000000005,0.37627099809304654
195,0.16199999999999992,0.3743896431025813
196,-2.3539999999999996,0.37251769488706843
197,-6.606,0.3706551064126331
198,-7.6579999999999995,0.36880183088056995
199,-7.9559999999999995,0.3669578217261671
200,-7.9559999999999995,0.36512303261753626
201,-11.39,0.3632974174544486
202,-0.29599999999999993,0.3614809303671764
203,0.524,0.3596735257153405
204,-7.9559999999999995,0.3578751580867638
205,-12.356000000000002,0.35608578229633
206,-7.384,0.3543053533848483
207,6.691999999999998,0.35253382661792404
208,19.279999999999994,0.3507711574848344
209,-5.01,0.34901730169741024
210,1.6780000000000008,0.3472722151889232
211,-7.9559999999999995,0.3455358541129786
212,-6.486,0.3438081748424137
213,-11.306,0.3420891339682016
214,-9.704,0.3403786882983606
215,-15.19,0.3386767948568688
216,-7.182,0.33698341088258443
217,8.016000000000002,0.3352984938281715
218,-2.469999999999999,0.33362200135903064
219,-9.741999999999999,0.33195389135223546
220,-12.676,0.3302941218954743
221,-7.6579999999999995,0.32864265128599696
222,-10.018,0.326999438029567
223,6.553999999999999,0.3253644408394192
224,-13.006,0.3237376186352221
225,-0.6999999999999994,0.322118930542046
226,-1.2219999999999986,0.32050833588933575
227,-7.456,0.31890579420988907
228,-1.4079999999999995,0.3173112652388396
229,-9.1,0.3157247089126454
230,-2.4839999999999987,0.3141460853680822
231,-6.574,0.3125753549412418
232,-6.236,0.31101247816653554
233,0.4920000000000009,0.30945741577570285
234,-7.61,0.3079101286968243
235,-7.593999999999999,0.3063705780533402
236,-7.61,0.30483872516307353
237,-6.582000000000001,0.3033145315372582
238,4.5059999999999985,0.3017979588795719
239,-5.962,0.30028896908517405
240,-6.308,0.2987875242397482
241,-7.593999999999999,0.29729358661854943
242,-6.612,0.29580711868545667
243,-6.582000000000001,0.2943280830920294
244,-7.232,0.29285644267656924
245,0.20400000000000007,0.2913921604631864
246,7.116000000000003,0.28993519966087045
247,7.091999999999999,0.2884855236625661
248,-9.408,0.28704309604425327
249,-6.574,0.285607880564032
250,-9.09,0.28417984116121187
251,-2.1979999999999995,0.2827589419554058
252,12.528,0.28134514724562876
253,-7.9559999999999995,0.2799384215094006
254,7.148000000000003,0.27853872940185365
255,-6.574,0.27714603575484437
256,26.520000000000003,0.2757603055760701
257,-7.456,0.2743815040481898
258,-3.0439999999999983,0.2730095965279488
259,-6.212,0.27164454854530906
260,-2.5379999999999985,0.2702863258025825
261,-7.9559999999999995,0.2689348941735696
262,17.014000000000003,0.26759021970270175
263,-1.564,0.2662522686041882
264,-0.29599999999999993,0.2649210072611673
265,-10.486,0.26359640222486147
266,-10.55,0.26227842021373715
267,-6.582000000000001,0.2609670281126685
268,-2.889999999999999,0.25966219297210513
269,6.679999999999999,0.2583638820072446
270,-8.572,0.2570720625972084
271,-1.25,0.25578670228422234
272,-3.266000000000001,0.25450776877280124
273,15.991999999999997,0.2532352299289372
274,-7.6259999999999994,0.2519690537792925
275,-9.008,0.2507092085103961
276,-7.1579999999999995,0.2494556624678441
277,-7.9559999999999995,0.24820838415550486
278,-7.853999999999999,0.24696734223472733
279,11.187999999999997,0.2457325055235537
280,-7.9559999999999995,0.24450384299593592
281,-6.606,0.24328132378095624
282,0.8759999999999986,0.24206491716205145
283,21.936000000000003,0.2408545925762412
284,-6.574,0.23965031961336
285,-9.036000000000001,0.2384520680152932
286,-0.6240000000000012,0.23725980767521673
287,-6.582000000000001,0.23607350863684065
288,7.091999999999999,0.23489314109365644
289,-8.741999999999999,0.23371867538818816
290,-3.8900000000000015,0.23255008201124722
291,15.065999999999995,0.231387331601191
292,-8.758000000000001,0.23023039494318503
293,7.025999999999999,0.2290792429684691
294,7.587999999999998,0.22793384675362674
295,-7.9559999999999995,0.22679417751985861
296,-1.4980000000000002,0.22566020663225933
297,-3.026,0.22453190559909803
298,-4.65,0.22340924607110255
299,-8.806,0.22229219984074702
300,6.993999999999999,0.2211807388415433
301,7.516,0.22007483514733558
302,1.966000000000001,0.2189744609715989
303,-5.718000000000001,0.2178795886667409
304,-7.9559999999999995,0.2167901907234072
305,6.1179999999999986,0.21570623976979014
306,-7.9559999999999995,0.21462770857094118
307,-7.9559999999999995,0.21355457002808648
308,30.857999999999997,0.21248679717794605
309,-8.758000000000001,0.21142436319205632
310,15.741999999999994,0.21036724137609603
311,-7.6259999999999994,0.20931540516921554
312,-6.236,0.20826882814336947
313,6.705999999999998,0.20722748400265262
314,23.18,0.20619134658263935
315,7.017999999999999,0.20516038984972615
316,-10.358,0.2041345879004775
317,7.088000000000001,0.2031139149609751
318,6.700000000000001,0.20209834538617025
319,46.438,0.2010878536592394
320,-7.9559999999999995,0.2000824143909432
321,-2.9979999999999998,0.19908200231898848
322,-0.29599999999999993,0.19808659230739353
323,-1.846,0.19709615934585656
324,-6.574,0.19611067854912728
325,-4.459999999999999,0.19513012515638165
326,-7.9559999999999995,0.19415447453059972
327,7.259999999999999,0.19318370215794672
328,-7.288,0.192217783647157
329,-7.9559999999999995,0.1912566947289212
330,-0.8020000000000014,0.1903004112552766
331,-3.419999999999998,0.18934890919900021
332,-7.9559999999999995,0.18840216465300522
333,-6.016000000000003,0.18746015382974018
334,-2.4060000000000015,0.1865228530605915
335,-6.506,0.18559023879528855
336,0.45999999999999996,0.1846622876013121
337,-5.962,0.18373897616330553
338,-6.582000000000001,0.182820281282489
339,-0.5739999999999981,0.18190617987607657
340,-7.9559999999999995,0.18099664897669618
341,-7.9559999999999995,0.1800916657318127
342,3.3240000000000016,0.17919120740315364
343,4.610000000000001,0.17829525136613786
344,1.9459999999999962,0.17740377510930716
345,21.691999999999997,0.17651675623376062
346,12.860000000000003,0.1756341724525918
347,-7.9559999999999995,0.17475600159032884
348,-2.788,0.17388222158237718
349,-0.29599999999999993,0.1730128104744653
350,-7.9559999999999995,0.17214774642209296
351,0.798,0.1712870076899825
352,-6.140000000000001,0.17043057265153258
353,-6.550000000000001,0.16957841978827493
354,-7.61,0.16873052768933355
355,-3.443999999999999,0.1678868750508869
356,-5.406,0.16704744067563246
357,-12.026,0.1662122034722543
358,-6.606,0.16538114245489302
359,7.297999999999998,0.16455423674261854
360,-7.782,0.16373146555890544
361,-6.582000000000001,0.16291280823111093
362,-7.9559999999999995,0.16209824418995536
363,15.717999999999996,0.16128775296900558
364,-6.606,0.16048131420416054
365,-6.574,0.15967890763313974
366,-9.008,0.15888051309497406
367,-7.9559999999999995,0.1580861105294992
368,14.988,0.1572956799768517
369,-6.574,0.15650920157696743
370,-0.8260000000000005,0.1557266555690826
371,12.475999999999999,0.1549480222912372
372,13.198000000000002,0.15417328217978102
373,0.9679999999999995,0.1534024157688821
374,-6.582000000000001,0.1526354036900377
375,-1.7299999999999986,0.1518722266715875
376,-7.9559999999999995,0.15111286553822956
377,-2.2299999999999986,0.15035730121053842
378,-15.361999999999998,0.14960551470448571
379,-7.9559999999999995,0.14885748713096328
380,-7.246,0.14811319969530845
381,29.663999999999998,0.1473726336968319
382,-7.546,0.14663577052834775
383,-6.574,0.14590259167570602
384,-7.6259999999999994,0.1451730787173275
385,5.988000000000001,0.14444721332374086
386,19.776,0.14372497725712216
387,0.8420000000000001,0.14300635237083656
388,-11.661999999999999,0.14229132060898236
389,-0.29599999999999993,0.14157986400593744
390,-7.4559999999999995,0.14087196468590776
391,-10.556000000000001,0.14016760486247823
392,-7.9559999999999995,0.13946676683816583
393,-6.362,0.138769433003975
394,-6.606,0.13807558583895513
395,-7.9559999999999995,0.13738520790976036
396,-1.5439999999999987,0.13669828187021155
397,15.083999999999996,0.13601479046086049
398,-7.593999999999999,0.1353347165085562
399,-6.582000000000001,0.1346580429260134
400,-5.962,0.13398475271138335
401,-7.9559999999999995,0.13331482894782642
402,-6.8020000000000005,0.13264825480308728
403,-6.612,0.13198501352907185
404,-7.863999999999999,0.1313250884614265
405,-6.662000000000002,0.13066846301911936
406,-6.606,0.13001512070402377
407,-6.308,0.12936504510050365
408,-6.212,0.12871821987500112
409,-6.236,0.12807462877562611
410,-6.236,0.12743425563174798
411,-5.918,0.12679708435358925
412,19.445999999999998,0.1261630989318213
413,-0.8020000000000014,0.1255322834371622
414,-5.7700000000000005,0.12490462201997637
415,22.718,0.1242800989098765
416,-10.556000000000001,0.12365869841532712
417,2.3660000000000023,0.12304040492325048
418,-0.29599999999999993,0.12242520289863423
419,-8.806,0.12181307688414106
420,-9.943999999999999,0.12120401149972035
421,-9.008,0.12059799144222175
422,-8.604,0.11999500148501063
423,17.502,0.11939502647758558
424,2.0139999999999976,0.11879805134519765
425,-1.8339999999999979,0.11820406108847166
426,-8.741999999999999,0.1176130407830293
427,-2.533999999999999,0.11702497557911415
428,-7.6579999999999995,0.11643985070121858
429,-6.140000000000001,0.11585765144771248
430,-8.475999999999999,0.11527836319047392
431,20.682,0.11470197137452155
432,-3.7460000000000013,0.11412846151764894
433,-7.9559999999999995,0.1135578192100607
434,-0.29599999999999993,0.11299003011401039
435,4.24,0.11242507996344034
436,18.142000000000003,0.11186295456362313
437,5.643999999999999,0.11130363979080501
438,12.500000000000002,0.11074712159185099
439,5.914,0.11019338598389174
440,-7.6259999999999994,0.10964241905397228
441,-1.1879999999999997,0.10909420695870241
442,-0.29599999999999993,0.1085487359239089
443,-1.1879999999999997,0.10800599224428936
444,32.964,0.10746596228306791
445,-7.634,0.10692863247165257
446,-7.9559999999999995,0.1063939893092943
447,12.475999999999999,0.10586201936274783
448,-7.9559999999999995,0.10533270926593409
449,-9.882000000000001,0.10480604571960442
450,-1.3579999999999988,0.1042820154910064
451,6.4,0.10376060541355137
452,14.382,0.1032418023864836
453,-12.783999999999999,0.10272559337455119
454,-10.142,0.10221196540767843
455,13.818000000000003,0.10170090558064004
456,-2.176,0.10119240105273684
457,-6.106,0.10068643904747315
458,-14.943999999999999,0.10018300685223579
459,-1.3859999999999992,0.0996820918179746
460,-7.9559999999999995,0.09918368135888474
461,-1.1879999999999997,0.09868776295209031
462,-7.9559999999999995,0.09819432413732986
463,-2.176,0.09770335251664321
464,-5.292000000000001,0.09721483575406
465,-1.1879999999999997,0.09672876157528969
466,12.075999999999999,0.09624511776741324
467,5.284000000000001,0.09576389217857617
468,-8.694,0.09528507271768329
469,-2.176,0.09480864735409487
470,-7.9559999999999995,0.0943346041173244
471,-7.6579999999999995,0.09386293109673778
472,-0.8260000000000005,0.09339361644125409
473,-6.212,0.09292664835904782
474,-7.9559999999999995,0.09246201511725258
475,5.643999999999999,0.09199970504166631
476,-7.9559999999999995,0.09153970651645797
477,6.4719999999999995,0.09108200798387568
478,-0.7700000000000014,0.0906265979439563
479,-1.1879999999999997,0.09017346495423652
480,19.672,0.08972259762946533
481,-6.550000000000001,0.089273984641318
482,-6.574,0.0888276147181114
483,-9.008,0.08838347664452084
484,-7.634,0.08794155926129824
485,5.894000000000002,0.08750185146499175
486,-0.7519999999999989,0.08706434220766679
487,-7.9559999999999995,0.08662902049662846
488,-1.588,0.08619587539414532
489,4.816000000000001,0.08576489601717459
490,-7.9559999999999995,0.08533607153708872
491,-7.005999999999999,0.08490939117940327
492,-0.7780000000000005,0.08448484422350626
493,20.65,0.08406242000238873
494,-7.9559999999999995,0.08364210790237678
495,1.9979999999999976,0.0832238973628649
496,-9.953999999999999,0.08280777787605056
497,1.8759999999999994,0.08239373898667031
498,-7.9559999999999995,0.08198177029173696
499,-2.6240000000000006,0.08157186144027828
500,-7.4559999999999995,0.0811640021330769
501,-2.066,0.08075818212241151
502,-6.0939999999999985,0.08035439121179945
503,6.356,0.07995261925574046
504,20.947999999999997,0.07955285615946175
505,17.51,0.07915509187866444
506,39.227999999999994,0.07875931641927113
507,-7.9559999999999995,0.07836551983717477
508,-7.9559999999999995,0.07797369223798889
509,-7.6259999999999994,0.07758382377679894
510,-7.9559999999999995,0.07719590465791494
511,15.584,0.07680992513462537
512,-7.36,0.07642587550895225
513,-7.546,0.07604374613140748
514,-0.8180000000000005,0.07566352740075044
515,-8.734,0.07528520976374668
516,-6.140000000000001,0.07490878371492794
517,6.562000000000003,0.0745342397963533
518,-7.6579999999999995,0.07416156859737154
519,-5.914,0.07379076075438468
520,-6.540000000000001,0.07342180695061275
521,-6.574,0.07305469791585968
522,9.086000000000006,0.07268942442628039
523,-8.450000000000001,0.07232597730414898
524,-6.362,0.07196434741762824
525,-2.622,0.0716045256805401
526,-7.335999999999999,0.0712465030521374
527,-7.546,0.0708902705368767
528,0.06600000000000017,0.07053581918419231
529,13.494000000000002,0.07018314008827135
530,-7.61,0.06983222438783
531,-6.582000000000001,0.06948306326589085
532,-5.914,0.0691356479495614
533,-6.606,0.06878996970981359
534,-7.061999999999999,0.06844601986126451
535,-6.140000000000001,0.06810378976195819
536,-6.708,0.0677632708131484
537,-6.606,0.06742445445908266
538,-0.29599999999999993,0.06708733218678724
539,-1.3479999999999999,0.0667518955258533
540,-7.9559999999999995,0.06641813604822402
541,-6.550000000000001,0.0660860453679829
542,2.874000000000004,0.06575561514114299
543,11.230000000000004,0.06542683706543727
544,-7.9559999999999995,0.06509970288011008
545,-7.9559999999999995,0.06477420436570952
546,7.440000000000001,0.06445033334388098
547,-9.992,0.06412808167716157
548,9.861999999999997,0.06380744126877576
549,4.596000000000002,0.06348840406243188
550,-5.942,0.06317096204211972
551,-8.248,0.06285510723190912
552,-1.1659999999999995,0.06254083169574957
553,4.324000000000002,0.062228127537270826
554,-8.521999999999998,0.06191698689958447
555,2.8740000000000006,0.061607401965086545
556,-7.805999999999999,0.06129936495526111
557,4.6640000000000015,0.0609928681304848
558,-6.540000000000001,0.060687903789832374
559,-6.540000000000001,0.06038446427088321
560,5.972000000000001,0.06008254194952879
561,-5.926,0.05978212923978115
562,-6.574,0.05948321859358224
563,-6.574,0.05918580250061433
564,-5.962,0.058889873488111255
565,-0.9879999999999997,0.058595424120670696
566,2.0699999999999985,0.05830244700006734
567,-6.308,0.058010934765067
568,-5.7700000000000005,0.05772088009124167
569,-7.35,0.05743227569078546
570,-6.582000000000001,0.05714511431233153
571,9.677999999999997,0.05685938874076987
572,-6.582000000000001,0.056575091797066025
573,15.176000000000002,0.056292216338080694
574,-0.9299999999999997,0.05601075525639029
575,-6.582000000000001,0.05573070148010834
576,-3.0540000000000003,0.0554520479727078
577,7.8020000000000005,0.05517478773284426
578,-0.96,0.05489891379418004
579,-8.186,0.05462441922520914
580,0.8259999999999996,0.0543512971290831
581,-6.606,0.05407954064343768
582,-7.9559999999999995,0.05380914294022049
583,-0.7140000000000004,0.05354009722551939
584,0.12399999999999967,0.05327239673939179
585,-7.9559999999999995,0.053006034755694834
586,-8.774000000000001,0.052741004581916356
587,0.18599999999999905,0.052477299559006776
588,-9.008,0.052214913061211746
589,-7.6259999999999994,0.05195383849590569
590,-7.9559999999999995,0.05169406930342616
591,-7.9559999999999995,0.05143559895690903
592,-1.6340000000000012,0.051178420962124486
593,-4.877999999999999,0.05092252885731386
594,-7.6259999999999994,0.05066791621302729
595,0.19399999999999995,0.05041457663196215
596,-7.9559999999999995,0.050162503748802344
597,5.84,0.05
598,-2.2299999999999995,0.05
599,-7.9559999999999995,0.05
600,5.782000000000002,0.05
601,-0.29599999999999993,0.05
602,-1.6979999999999995,0.05
603,-2.0379999999999985,0.05
604,0.5960000000000001,0.05
605,-9.008,0.05
606,-2.8999999999999986,0.05
607,-0.17400000000000038,0.05
608,-0.3899999999999997,0.05
609,-0.29599999999999993,0.05
610,-7.634,0.05
611,0.6200000000000001,0.05
612,-2.5199999999999987,0.05
613,6.072,0.05
614,-0.39999999999999947,0.05
615,8.650000000000002,0.05
616,0.8259999999999996,0.05
617,-0.29599999999999993,0.05
618,4.452000000000001,0.05
619,6.496,0.05
620,-7.9559999999999995,0.05
621,-0.29599999999999993,0.05
622,12.475999999999999,0.05
623,7.419999999999999,0.05
624,-3.6559999999999997,0.05
625,-7.9559999999999995,0.05
626,-1.8860000000000001,0.05
627,-7.9559999999999995,0.05
628,25.592,0.05
629,-12.52,0.05
630,-2.496,0.05
631,13.825999999999997,0.05
632,-3.9799999999999995,0.05
633,-7.9559999999999995,0.05
634,-7.9559999999999995,0.05
635,4.785999999999998,0.05
636,-2.496,0.05
637,-2.3359999999999985,0.05
638,-7.9559999999999995,0.05
639,3.4780000000000024,0.05
640,5.483999999999999,0.05
641,20.073999999999998,0.05
642,12.997999999999998,0.05
643,5.123999999999999,0.05
644,4.240000000000001,0.05
645,-2.176,0.05
646,-0.29599999999999993,0.05
647,-2.176,0.05
648,-10.155999999999999,0.05
649,-8.75,0.05
650,-7.9559999999999995,0.05
651,5.102000000000002,0.05
652,-2.3359999999999985,0.05
653,-7.9559999999999995,0.05
654,-1.1879999999999997,0.05
655,-7.9559999999999995,0.05
656,5.643999999999999,0.05
657,5.050000000000001,0.05
658,5.444000000000001,0.05
659,5.086,0.05
660,-7.9559999999999995,0.05
661,19.990000000000002,0.05
662,2.0260000000000007,0.05
663,-1.1879999999999997,0.05
664,-0.29599999999999993,0.05
665,-0.4559999999999995,0.05
666,-8.236,0.05
667,5.750000000000001,0.05
668,12.025999999999998,0.05
669,-1.474000000000001,0.05
670,22.246000000000006,0.05
671,4.159999999999999,0.05
672,-9.008,0.05
673,4.8420000000000005,0.05
674,-4.32,0.05
675,-8.774000000000001,0.05
676,10.727999999999998,0.05
677,-9.934,0.05
678,-1.1879999999999997,0.05
679,-9.008,0.05
680,15.003999999999994,0.05
681,0.5960000000000001,0.05
682,-7.9559999999999995,0.05
683,-8.741999999999999,0.05
684,5.643999999999999,0.05
685,12.214,0.05
686,-8.474,0.05
687,-0.7519999999999989,0.05
688,13.272,0.05
689,14.645999999999999,0.05
690,-7.6259999999999994,0.05
691,-7.9559999999999995,0.05
692,-9.76,0.05
693,19.529999999999994,0.05
694,14.922,0.05
695,-1.1879999999999997,0.05
696,-9.92,0.05
697,-2.3359999999999985,0.05
698,-7.9559999999999995,0.05
699,-7.9559999999999995,0.05
700,4.246000000000002,0.05
701,-6.582000000000001,0.05
702,4.570000000000002,0.05
703,-15.825999999999997,0.05
704,-8.946,0.05
705,7.516,0.05
706,15.476000000000004,0.05
707,7.516,0.05
708,-1.1879999999999997,0.05
709,-7.9559999999999995,0.05
710,-8.532,0.05
711,-1.1879999999999997,0.05
712,-4.024,0.05
713,10.192,0.05
714,-7.9559999999999995,0.05
715,-2.3359999999999985,0.05
716,-1.588,0.05
717,-7.9559999999999995,0.05
718,4.794000000000002,0.05
719,-11.328,0.05
720,-7.9559999999999995,0.05
721,-2.3359999999999985,0.05
722,4.3999999999999995,0.05
723,9.650000000000004,0.05
724,-7.9559999999999995,0.05
725,14.902,0.05
726,-8.546,0.05
727,6.1179999999999986,0.05
728,-3.0900000000000003,0.05
729,-2.3359999999999985,0.05
730,-7.9559999999999995,0.05
731,-7.9559999999999995,0.05
732,-7.9559999999999995,0.05
733,-7.9559999999999995,0.05
734,10.087999999999997,0.05
735,-9.09,0.05
736,-7.9559999999999995,0.05
737,6.4719999999999995,0.05
738,-7.9559999999999995,0.05
739,-1.1879999999999997,0.05
740,-0.29599999999999993,0.05
741,6.993999999999999,0.05
742,-0.5600000000000005,0.05
743,1.8839999999999968,0.05
744,0.21799999999999908,0.05
745,-7.9559999999999995,0.05
746,7.017999999999999,0.05
747,-1.1879999999999997,0.05
748,15.384000000000004,0.05
749,-1.1879999999999997,0.05
750,-9.008,0.05
751,7.017999999999999,0.05
752,5.864000000000001,0.05
753,-0.7199999999999989,0.05
754,27.113999999999997,0.05
755,-7.9559999999999995,0.05
756,0.056000000000001826,0.05
757,-1.798000000000001,0.05
758,-9.008,0.05
759,-7.9559999999999995,0.05
760,-0.1620000000000008,0.05
761,-7.947999999999999,0.05
762,5.806000000000001,0.05
763,-7.9559999999999995,0.05
764,15.609999999999998,0.05
765,-9.527999999999999,0.05
766,-3.419999999999998,0.05
767,-8.75,0.05
768,13.857999999999997,0.05
769,-8.774000000000001,0.05
770,-1.1879999999999997,0.05
771,-2.3359999999999985,0.05
772,14.379999999999997,0.05
773,-14.725999999999999,0.05
774,19.471999999999994,0.05
775,-7.9559999999999995,0.05
776,-0.29599999999999993,0.05
777,4.558,0.05
778,-3.419999999999998,0.05
779,4.734000000000002,0.05
780,-9.008,0.05
781,-9.828,0.05
782,-3.419999999999998,0.05
783,-6.140000000000001,0.05
784,5.324000000000001,0.05
785,20.489999999999995,0.05
786,-7.9559999999999995,0.05
787,-1.1879999999999997,0.05
788,-1.1879999999999997,0.05
789,-2.3359999999999985,0.05
790,-1.3479999999999999,0.05
791,-2.7159999999999984,0.05
792,0.524,0.05
793,-8.628,0.05
794,-7.9559999999999995,0.05
795,-9.008,0.05
796,0.19399999999999995,0.05
797,-1.3479999999999999,0.05
798,-7.593999999999999,0.05
799,5.022,0.05
800,-8.354,0.05
801,5.243999999999999,0.05
802,-9.008,0.05
803,-8.932,0.05
804,-11.218,0.05
805,-8.741999999999999,0.05
806,12.872,0.05
807,-1.588,0.05
808,-7.9559999999999995,0.05
809,5.243999999999999,0.05
810,4.324000000000002,0.05
811,-1.588,0.05
812,0.4920000000000009,0.05
813,-1.588,0.05
814,-7.9559999999999995,0.05
815,6.069999999999999,0.05
816,5.643999999999999,0.05
817,8.036000000000001,0.05
818,-3.6999999999999993,0.05
819,-7.6579999999999995,0.05
820,11.99,0.05
821,-8.946,0.05
822,8.235999999999997,0.05
823,-10.27,0.05
824,-7.9559999999999995,0.05
825,-9.182,0.05
826,0.19200000000000017,0.05
827,-1.362,0.05
828,-7.9559999999999995,0.05
829,-0.29599999999999993,0.05
830,-1.1879999999999997,0.05
831,-2.3119999999999994,0.05
832,-10.155999999999999,0.05
833,-7.9559999999999995,0.05
834,-1.1879999999999997,0.05
835,0.524,0.05
836,-10.155999999999999,0.05
837,-9.994,0.05
838,-7.9559999999999995,0.05
839,-0.942000000000002,0.05
840,-9.008,0.05
841,-7.35,0.05
842,6.080000000000002,0.05
843,-2.558,0.05
844,-1.3479999999999999,0.05
845,-0.7199999999999989,0.05
846,0.18599999999999905,0.05
847,-7.9559999999999995,0.05
848,-0.8899999999999988,0.05
849,-7.61,0.05
850,-6.582000000000001,0.05
851,-4.181999999999999,0.05
852,-7.9559999999999995,0.05
853,-2.6340000000000003,0.05
854,-7.61,0.05
855,-2.006000000000001,0.05
856,-5.436,0.05
857,5.633999999999999,0.05
858,-0.29599999999999993,0.05
859,6.69,0.05
860,-6.582000000000001,0.05
861,-7.9559999999999995,0.05
862,-6.606,0.05
863,-1.314000000000001,0.05
864,-6.236,0.05
865,-7.546,0.05
866,-10.028,0.05
867,-6.818,0.05
868,-6.606,0.05
869,-6.236,0.05
870,-6.236,0.05
871,-5.436,0.05
872,-6.308,0.05
873,-6.606,0.05
874,-7.9559999999999995,0.05
875,-6.606,0.05
876,-6.606,0.05
877,-10.709999999999999,0.05
878,-7.61,0.05
879,-0.7199999999999998,0.05
880,0.002000000000000113,0.05
881,-7.35,0.05
882,-5.962,0.05
883,18.131999999999998,0.05
884,-7.36,0.05
885,-6.236,0.05
886,-6.314,0.05
887,-8.42,0.05
888,0.4920000000000009,0.05
889,-10.44,0.05
890,-2.7719999999999985,0.05
891,-6.582000000000001,0.05
892,4.886,0.05
893,-6.606,0.05
894,-7.9559999999999995,0.05
895,-8.498,0.05
896,7.286,0.05
897,-7.6339999999999995,0.05
898,-12.506,0.05
899,-8.738,0.05
900,0.4380000000000024,0.05
901,-1.9740000000000002,0.05
902,11.744000000000002,0.05
903,-6.106,0.05
904,-0.9140000000000006,0.05
905,-9.806000000000001,0.05
906,-7.36,0.05
907,-7.546,0.05
908,-6.708,0.05
909,-2.299999999999999,0.05
910,-6.582000000000001,0.05
911,-6.606,0.05
912,10.732,0.05
913,-6.574,0.05
914,9.812000000000001,0.05
915,7.219999999999999,0.05
916,1.0219999999999994,0.05
917,5.1179999999999986,0.05
918,-6.550000000000001,0.05
919,7.26,0.05
920,-6.314,0.05
921,0.854000000000001,0.05
922,-7.232,0.05
923,-6.582000000000001,0.05
924,-7.456,0.05
925,-7.593999999999999,0.05
926,13.86,0.05
927,-1.498000000000001,0.05
928,-8.638,0.05
929,-6.574,0.05
930,4.1060000000000025,0.05
931,-6.140000000000001,0.05
932,14.213999999999999,0.05
933,-4.863999999999999,0.05
934,-5.219999999999997,0.05
935,-13.126,0.05
936,7.558000000000002,0.05
937,-0.9859999999999989,0.05
938,-9.872,0.05
939,-7.182,0.05
940,25.799999999999997,0.05
941,12.322,0.05
942,-6.574,0.05
943,-6.582000000000001,0.05
944,-6.582000000000001,0.05
945,-2.105999999999998,0.05
946,7.795999999999999,0.05
947,-1.9859999999999998,0.05
948,-6.606,0.05
949,2.2520000000000007,0.05
950,-7.593999999999999,0.05
951,-6.582000000000001,0.05
952,9.946000000000002,0.05
953,-6.606,0.05
954,-6.606,0.05
955,-2.469999999999999,0.05
956,-7.61,0.05
957,-6.308,0.05
958,-0.5279999999999987,0.05
959,0.002000000000000113,0.05
960,-11.393999999999998,0.05
961,7.907999999999998,0.05
962,-6.582000000000001,0.05
963,-6.550000000000001,0.05
964,-7.182,0.05
965,-6.574,0.05
966,-5.942,0.05
967,-7.9559999999999995,0.05
968,-6.582000000000001,0.05
969,-6.958000000000001,0.05
970,-8.734,0.05
971,-7.593999999999999,0.05
972,-1.9539999999999988,0.05
973,13.636000000000001,0.05
974,-6.582000000000001,0.05
975,7.43,0.05
976,-4.863999999999999,0.05
977,8.861999999999998,0.05
978,-7.6579999999999995,0.05
979,-6.818,0.05
980,-6.606,0.05
981,2.84,0.05
982,-3.071999999999999,0.05
983,-8.734,0.05
984,-6.582000000000001,0.05
985,-6.582000000000001,0.05
986,-2.5340000000000016,0.05
987,-1.0739999999999998,0.05
988,20.528000000000002,0.05
989,3.742000000000001,0.05
990,-7.546,0.05
991,31.533999999999995,0.05
992,-7.61,0.05
993,4.308,0.05
994,-8.363999999999999,0.05
995,-11.328,0.05
996,-7.546,0.05
997,-2.161999999999999,0.05
998,-8.5,0.05
999,-3.2479999999999984,0.05
1000,12.150000000000002,0.05
1001,-6.582000000000001,0.05
1002,-6.550000000000001,0.05
1003,3.5459999999999994,0.05
1004,-6.574,0.05
1005,-10.155999999999999,0.05
1006,0.18599999999999905,0.05
1007,-7.9559999999999995,0.05
1008,13.881999999999998,0.05
1009,-9.008,0.05
1010,24.642,0.05
1011,-8.42,0.05
1012,-7.9559999999999995,0.05
1013,-7.602,0.05
1014,-1.1879999999999997,0.05
1015,-7.35,0.05
1016,-7.9559999999999995,0.05
1017,-1.1879999999999997,0.05
1018,-7.6259999999999994,0.05
1019,7.259999999999999,0.05
1020,0.16199999999999992,0.05
1021,-3.8980000000000015,0.05
1022,-7.9559999999999995,0.05
1023,5.754000000000001,0.05
1024,-8.806,0.05
1025,-9.174,0.05
1026,-10.556,0.05
1027,-0.7780000000000005,0.05
1028,-7.9559999999999995,0.05
1029,-7.9559999999999995,0.05
1030,-13.612,0.05
1031,32.22,0.05
1032,0.5,0.05
1033,-10.556,0.05
1034,24.319999999999997,0.05
1035,-9.408,0.05
1036,0.16199999999999992,0.05
1037,-8.54,0.05
1038,8.699999999999998,0.05
1039,-2.2380000000000013,0.05
1040,3.580000000000002,0.05
1041,-7.384,0.05
1042,0.19399999999999995,0.05
1043,12.858,0.05
1044,-7.634,0.05
1045,-9.008,0.05
1046,-1.3479999999999999,0.05
1047,-1.814,0.05
1048,-9.008,0.05
1049,-6.582000000000001,0.05
1050,-7.9559999999999995,0.05
1051,3.912000000000001,0.05
1052,0.18599999999999905,0.05
1053,-0.8799999999999997,0.05
1054,-7.784000000000001,0.05
1055,6.3600000000000065,0.05
1056,12.142,0.05
1057,-7.9559999999999995,0.05
1058,0.7259999999999991,0.05
1059,-7.6259999999999994,0.05
1060,0.21799999999999908,0.05
1061,-7.9559999999999995,0.05
1062,-7.9559999999999995,0.05
1063,2.9139999999999997,0.05
1064,21.204,0.05
1065,-7.4559999999999995,0.05
1066,-7.4559999999999995,0.05
1067,-7.634,0.05
1068,-1.3199999999999998,0.05
1069,11.774000000000001,0.05
1070,7.278000000000002,0.05
1071,0.16199999999999992,0.05
1072,13.908000000000001,0.05
1073,-7.9559999999999995,0.05
1074,20.188000000000002,0.05
1075,0.524,0.05
1076,-0.8259999999999996,0.05
1077,-8.15,0.05
1078,-7.9559999999999995,0.05
1079,-7.9559999999999995,0.05
1080,-1.0399999999999998,0.05
1081,-7.288,0.05
1082,-0.8259999999999996,0.05
1083,-7.634,0.05
1084,-7.9559999999999995,0.05
1085,-1.7299999999999986,0.05
1086,7.356,0.05
1087,-11.475999999999999,0.05
1088,18.768,0.05
1089,-7.602,0.05
1090,-0.29599999999999993,0.05
1091,7.43,0.05
1092,0.5960000000000001,0.05
1093,-5.107999999999999,0.05
1094,-7.602,0.05
1095,-7.9559999999999995,0.05
1096,-8.475999999999999,0.05
1097,-9.882000000000001,0.05
1098,-7.9559999999999995,0.05
1099,-7.9559999999999995,0.05
1100,-5.926,0.05
1101,-7.232,0.05
1102,9.309999999999999,0.05
1103,-7.593999999999999,0.05
1104,-9.11,0.05
1105,8.481999999999996,0.05
1106,0.4920000000000009,0.05
1107,4.382,0.05
1108,-5.495999999999999,0.05
1109,-6.236,0.05
1110,-6.606,0.05
1111,-6.574,0.05
1112,-7.593999999999999,0.05
1113,-8.074000000000002,0.05
1114,-5.531999999999999,0.05
1115,-3.2300000000000004,0.05
1116,-6.582000000000001,0.05
1117,-9.278,0.05
1118,-6.550000000000001,0.05
1119,13.447999999999997,0.05
1120,0.002000000000000113,0.05
1121,20.118000000000002,0.05
1122,-6.773999999999999,0.05
1123,-2.3740000000000006,0.05
1124,6.010000000000002,0.05
1125,12.594000000000001,0.05
1126,-6.448,0.05
1127,-6.606,0.05
1128,-7.9559999999999995,0.05
1129,-16.177999999999997,0.05
1130,-0.9859999999999989,0.05
1131,-0.5279999999999987,0.05
1132,4.731999999999999,0.05
1133,-7.61,0.05
1134,-0.4400000000000013,0.05
1135,-6.582000000000001,0.05
1136,-6.550000000000001,0.05
1137,-7.175999999999999,0.05
1138,-12.204,0.05
1139,9.662000000000003,0.05
1140,23.331999999999994,0.05
1141,-6.574,0.05
1142,-7.295999999999999,0.05
1143,-7.61,0.05
1144,-2.469999999999999,0.05
1145,-3.919999999999998,0.05
1146,-6.550000000000001,0.05
1147,-6.140000000000001,0.05
1148,7.268000000000002,0.05
1149,-6.574,0.05
1150,-13.227999999999998,0.05
1151,-6.606,0.05
1152,-1.1199999999999992,0.05
1153,-9.09,0.05
1154,-6.582000000000001,0.05
1155,-7.593999999999999,0.05
1156,-7.36,0.05
1157,15.227999999999994,0.05
1158,-7.61,0.05
1159,5.35,0.05
1160,-6.582000000000001,0.05
1161,-6.606,0.05
1162,-7.61,0.05
1163,0.854000000000001,0.05
1164,-7.9559999999999995,0.05
1165,-6.582000000000001,0.05
1166,3.6099999999999994,0.05
1167,-11.378,0.05
1168,12.104000000000003,0.05
1169,-7.456,0.05
1170,-2.243999999999998,0.05
1171,-7.593999999999999,0.05
1172,-4.510000000000002,0.05
1173,-6.574,0.05
1174,-6.550000000000001,0.05
1175,-7.175999999999999,0.05
1176,-5.628000000000001,0.05
1177,5.749999999999999,0.05
1178,-7.232,0.05
1179,23.639999999999997,0.05
1180,-6.550000000000001,0.05
1181,-6.574,0.05
1182,-8.186,0.05
1183,-7.853999999999999,0.05
1184,0.4920000000000009,0.05
1185,4.330000000000002,0.05
1186,0.002000000000000113,0.05
1187,-1.056,0.05
1188,-6.550000000000001,0.05
1189,-5.444000000000001,0.05
1190,-6.85,0.05
1191,0.21999999999999975,0.05
1192,-7.6579999999999995,0.05
1193,31.866,0.05
1194,-7.134,0.05
1195,-2.2299999999999995,0.05
1196,0.050000000000000155,0.05
1197,13.010000000000002,0.05
1198,-6.550000000000001,0.05
1199,-0.9859999999999989,0.05
1200,6.824,0.05
1201,-6.574,0.05
1202,0.5879999999999974,0.05
1203,3.8360000000000003,0.05
1204,-2.869999999999999,0.05
1205,-6.606,0.05
1206,-6.582000000000001,0.05
1207,-6.550000000000001,0.05
1208,-8.758000000000001,0.05
1209,5.550000000000001,0.05
1210,-7.9559999999999995,0.05
1211,13.392,0.05
1212,12.97,0.05
1213,-0.29599999999999993,0.05
1214,-7.602,0.05
1215,-0.29599999999999993,0.05
1216,-0.28199999999999825,0.05
1217,-0.29599999999999993,0.05
1218,18.476,0.05
1219,-7.9559999999999995,0.05
1220,-7.6579999999999995,0.05
1221,-1.8740000000000006,0.05
1222,0.16199999999999992,0.05
1223,8.405999999999997,0.05
1224,-7.6579999999999995,0.05
1225,-7.9559999999999995,0.05
1226,-1.1199999999999992,0.05
1227,-3.2219999999999995,0.05
1228,18.634000000000004,0.05
1229,-0.7140000000000004,0.05
1230,5.520000000000001,0.05
1231,-9.206,0.05
1232,-0.39999999999999947,0.05
1233,-7.9559999999999995,0.05
1234,-7.9559999999999995,0.05
1235,-7.9559999999999995,0.05
1236,-6.236,0.05
1237,1.6300000000000008,0.05
1238,-11.670000000000002,0.05
1239,-16.034,0.05
1240,4.209999999999997,0.05
1241,0.36400000000000077,0.05
1242,-6.574,0.05
1243,7.26,0.05
1244,-6.550000000000001,0.05
1245,-7.593999999999999,0.05
1246,-7.593999999999999,0.05
1247,-6.550000000000001,0.05
1248,17.875999999999998,0.05
1249,13.937999999999999,0.05
1250,6.247999999999999,0.05
1251,21.739999999999995,0.05
1252,-6.574,0.05
1253,-7.328,0.05
1254,-6.582000000000001,0.05
1255,15.172000000000002,0.05
1256,-7.61,0.05
1257,3.5500000000000007,0.05
1258,-0.5999999999999996,0.05
1259,-6.574,0.05
1260,-2.2280000000000015,0.05
1261,24.507999999999996,0.05
1262,-6.606,0.05
1263,12.270000000000001,0.05
1264,-6.606,0.05
1265,23.104000000000006,0.05
1266,-7.61,0.05
1267,-6.582000000000001,0.05
1268,2.1320000000000006,0.05
1269,-9.206,0.05
1270,-6.574,0.05
1271,0.050000000000000155,0.05
1272,30.972,0.05
1273,24.754,0.05
1274,0.36400000000000077,0.05
1275,-6.236,0.05
1276,-0.45399999999999974,0.05
1277,-6.550000000000001,0.05
1278,13.287999999999997,0.05
1279,-1.2619999999999987,0.05
1280,11.498000000000003,0.05
1281,-2.0059999999999985,0.05
1282,-7.9559999999999995,0.05
1283,5.749999999999999,0.05
1284,13.001999999999997,0.05
1285,-6.550000000000001,0.05
1286,-6.906000000000001,0.05
1287,-6.550000000000001,0.05
1288,-9.008,0.05
1289,3.678000000000001,0.05
1290,-11.326,0.05
1291,-10.155999999999999,0.05
1292,-9.008,0.05
1293,-9.008,0.05
1294,-11.042000000000002,0.05
1295,0.18599999999999905,0.05
1296,16.109999999999996,0.05
1297,0.16199999999999992,0.05
1298,22.384000000000004,0.05
1299,-7.9559999999999995,0.05
1300,-6.510000000000002,0.05
1301,-7.9559999999999995,0.05
1302,-7.9559999999999995,0.05
1303,-4.754,0.05
1304,15.035999999999994,0.05
1305,-6.574,0.05
1306,5.314000000000002,0.05
1307,-11.322,0.05
1308,20.705999999999996,0.05
1309,-10.388,0.05
1310,12.761999999999999,0.05
1311,6.674,0.05
1312,-8.806,0.05
1313,16.031999999999996,0.05
1314,-6.582000000000001,0.05
1315,-5.844000000000001,0.05
1316,-1.7220000000000004,0.05
1317,-6.582000000000001,0.05
1318,-6.550000000000001,0.05
1319,11.412,0.05
1320,-6.540000000000001,0.05
1321,-6.308,0.05
1322,-9.815999999999999,0.05
1323,-6.574,0.05
1324,17.652000000000005,0.05
1325,-6.606,0.05
1326,-7.61,0.05
1327,-6.582000000000001,0.05
1328,-6.606,0.05
1329,-6.606,0.05
1330,-6.606,0.05
1331,-7.9559999999999995,0.05
1332,-8.709999999999999,0.05
1333,-6.574,0.05
1334,-10.152,0.05
1335,0.3240000000000002,0.05
1336,0.5879999999999992,0.05
1337,-5.0520000000000005,0.05
1338,-3.7060000000000004,0.05
1339,2.7120000000000033,0.05
1340,0.002000000000000113,0.05
1341,31.47,0.05
1342,-6.106,0.05
1343,-6.140000000000001,0.05
1344,-7.182,0.05
1345,-6.582000000000001,0.05
1346,-6.582000000000001,0.05
1347,-3.0859999999999985,0.05
1348,0.36400000000000077,0.05
1349,-7.61,0.05
1350,-7.546,0.05
1351,-8.709999999999999,0.05
1352,-7.593999999999999,0.05
1353,-6.574,0.05
1354,-10.45,0.05
1355,-2.6999999999999993,0.05
1356,-6.550000000000001,0.05
1357,-7.61,0.05
1358,-7.328,0.05
1359,-7.6579999999999995,0.05
1360,-0.22999999999999865,0.05
1361,-7.6579999999999995,0.05
1362,-6.606,0.05
1363,0.19399999999999995,0.05
1364,-6.606,0.05
1365,-3.752,0.05
1366,13.857999999999997,0.05
1367,-8.806,0.05
1368,-7.9559999999999995,0.05
1369,5.413999999999998,0.05
1370,-6.606,0.05
1371,-3.51,0.05
1372,5.451999999999999,0.05
1373,14.463999999999995,0.05
1374,-1.1879999999999997,0.05
1375,-7.9559999999999995,0.05
1376,-7.784000000000001,0.05
1377,-3.5979999999999994,0.05
1378,4.785999999999998,0.05
1379,-8.741999999999999,0.05
1380,-7.9559999999999995,0.05
1381,6.647999999999999,0.05
1382,-7.9559999999999995,0.05
1383,10.162000000000003,0.05
1384,-7.61,0.05
1385,-6.582000000000001,0.05
1386,-6.362,0.05
1387,-7.736,0.05
1388,-6.574,0.05
1389,5.326000000000002,0.05
1390,-7.593999999999999,0.05
1391,-6.550000000000001,0.05
1392,-7.9559999999999995,0.05
1393,-0.023999999999999133,0.05
1394,-5.926,0.05
1395,-6.574,0.05
1396,-7.8100000000000005,0.05
1397,-3.0039999999999982,0.05
1398,-7.593999999999999,0.05
1399,21.126,0.05
1400,-7.546,0.05
1401,3.2299999999999986,0.05
1402,-6.582000000000001,0.05
1403,-0.5980000000000008,0.05
1404,-1.314000000000001,0.05
1405,-6.550000000000001,0.05
1406,9.816,0.05
1407,-6.550000000000001,0.05
1408,-0.8899999999999988,0.05
1409,6.471999999999999,0.05
1410,9.826000000000004,0.05
1411,12.256000000000002,0.05
1412,-5.918,0.05
1413,-5.918,0.05
1414,0.5879999999999992,0.05
1415,9.596000000000002,0.05
1416,-6.606,0.05
1417,10.223999999999997,0.05
1418,-7.6579999999999995,0.05
1419,-6.606,0.05
1420,25.816,0.05
1421,-6.574,0.05
1422,-7.546,0.05
1423,-0.5359999999999978,0.05
1424,-10.703999999999999,0.05
1425,3.201999999999999,0.05
1426,-11.236,0.05
1427,-6.574,0.05
1428,-8.638,0.05
1429,-7.61,0.05
1430,-8.69,0.05
1431,-7.61,0.05
1432,-6.606,0.05
1433,13.644000000000002,0.05
1434,9.442,0.05
1435,-9.258000000000001,0.05
1436,-8.418000000000001,0.05
1437,-6.106,0.05
1438,-12.502,0.05
1439,3.5560000000000005,0.05
1440,5.749999999999999,0.05
1441,-6.140000000000001,0.05
1442,4.989999999999998,0.05
1443,-6.582000000000001,0.05
1444,1.1400000000000006,0.05
1445,-8.638,0.05
1446,5.243999999999999,0.05
1447,-6.550000000000001,0.05
1448,-0.1020000000000012,0.05
1449,-0.29599999999999993,0.05
1450,-10.45,0.05
1451,5.243999999999999,0.05
1452,21.894,0.05
1453,5.398,0.05
1454,-3.400000000000001,0.05
1455,-8.806,0.05
1456,-1.588,0.05
1457,10.409999999999997,0.05
1458,-1.588,0.05
1459,-6.606,0.05
1460,-2.533999999999999,0.05
1461,-8.741999999999999,0.05
1462,3.394,0.05
1463,-3.7879999999999985,0.05
1464,-1.6740000000000004,0.05
1465,28.184,0.05
1466,-1.1700000000000008,0.05
1467,5.702,0.05
1468,8.018000000000002,0.05
1469,-1.588,0.05
1470,4.622000000000002,0.05
1471,-7.9559999999999995,0.05
1472,5.662,0.05
1473,-8.741999999999999,0.05
1474,-6.550000000000001,0.05
1475,-6.582000000000001,0.05
1476,-2.1980000000000004,0.05
1477,-1.588,0.05
1478,6.4719999999999995,0.05
1479,-7.602,0.05
1480,7.219999999999999,0.05
1481,7.526,0.05
1482,7.757999999999999,0.05
1483,0.5819999999999999,0.05
1484,-7.9559999999999995,0.05
1485,-7.9559999999999995,0.05
1486,9.322,0.05
1487,-7.9559999999999995,0.05
1488,22.758000000000006,0.05
1489,4.740000000000002,0.05
1490,0.19399999999999995,0.05
1491,-7.9559999999999995,0.05
1492,-0.29599999999999993,0.05
1493,12.396000000000003,0.05
1494,-0.7140000000000004,0.05
1495,-0.29599999999999993,0.05
1496,-7.9559999999999995,0.05
1497,-0.8259999999999996,0.05
1498,-7.288,0.05
1499,-7.6579999999999995,0.05
1500,5.5180000000000025,0.05
1501,-7.6579999999999995,0.05
1502,20.596,0.05
1503,-7.9559999999999995,0.05
1504,-1.7080000000000002,0.05
1505,-6.582000000000001,0.05
1506,-7.9559999999999995,0.05
1507,7.084,0.05
1508,-7.6579999999999995,0.05
1509,-6.308,0.05
1510,5.926,0.05
1511,0.854000000000001,0.05
1512,-8.734,0.05
1513,-1.146,0.05
1514,-6.582000000000001,0.05
1515,39.26199999999999,0.05
1516,31.825999999999997,0.05
1517,-5.786,0.05
1518,-7.9559999999999995,0.05
1519,-7.593999999999999,0.05
1520,-6.574,0.05
1521,-8.806,0.05
1522,-7.593999999999999,0.05
1523,10.444000000000003,0.05
1524,3.801999999999996,0.05
1525,-9.922,0.05
1526,23.051999999999996,0.05
1527,-2.3740000000000006,0.05
1528,0.002000000000000113,0.05
1529,-7.546,0.05
1530,4.702000000000002,0.05
1531,-7.6579999999999995,0.05
1532,-7.61,0.05
1533,-6.550000000000001,0.05
1534,-8.806,0.05
1535,-5.926,0.05
1536,-6.606,0.05
1537,-6.550000000000001,0.05
1538,-7.328,0.05
1539,0.009999999999999787,0.05
1540,-6.606,0.05
1541,-6.606,0.05
1542,-6.308,0.05
1543,-7.546,0.05
1544,-7.6579999999999995,0.05
1545,-4.2379999999999995,0.05
1546,31.459999999999997,0.05
1547,-7.246,0.05
1548,-7.546,0.05
1549,-6.606,0.05
1550,13.242000000000003,0.05
1551,-6.606,0.05
1552,0.6300000000000008,0.05
1553,0.6300000000000008,0.05
1554,14.010000000000005,0.05
1555,2.3560000000000016,0.05
1556,-7.6579999999999995,0.05
1557,-0.7940000000000005,0.05
1558,-5.010000000000002,0.05
1559,1.7779999999999987,0.05
1560,-6.140000000000001,0.05
1561,-6.606,0.05
1562,-8.806,0.05
1563,-0.9140000000000006,0.05
1564,-6.582000000000001,0.05
1565,15.352000000000004,0.05
1566,-8.638,0.05
1567,15.205999999999996,0.05
1568,-6.574,0.05
1569,-6.582000000000001,0.05
1570,-6.574,0.05
1571,-8.734,0.05
1572,-7.6579999999999995,0.05
1573,-8.806,0.05
1574,4.315999999999998,0.05
1575,-7.093999999999999,0.05
1576,-13.192,0.05
1577,32.196000000000005,0.05
1578,-6.606,0.05
1579,-6.574,0.05
1580,-6.606,0.05
1581,0.050000000000000155,0.05
1582,0.5879999999999992,0.05
1583,-4.516,0.05
1584,-8.363999999999999,0.05
1585,-5.409999999999998,0.05
1586,-8.508,0.05
1587,-6.606,0.05
1588,-6.606,0.05
1589,18.546,0.05
1590,1.0219999999999994,0.05
1591,-6.574,0.05
1592,-3.6819999999999986,0.05
1593,-6.606,0.05
1594,-4.237999999999998,0.05
1595,-6.582000000000001,0.05
1596,-1.7480000000000002,0.05
1597,-7.9559999999999995,0.05
1598,0.21799999999999908,0.05
1599,0.9820000000000002,0.05
1600,-8.58,0.05
1601,-6.6899999999999995,0.05
1602,11.34,0.05
1603,-8.758000000000001,0.05
1604,-2.4620000000000015,0.05
1605,-8.694,0.05
1606,-7.9559999999999995,0.05
1607,-2.2380000000000013,0.05
1608,0.21799999999999908,0.05
1609,-7.9559999999999995,0.05
1610,12.054,0.05
1611,0.2919999999999989,0.05
1612,-0.29599999999999993,0.05
1613,-7.602,0.05
1614,-10.44,0.05
1615,4.3820000000000014,0.05
1616,-7.6579999999999995,0.05
1617,-0.4640000000000004,0.05
1618,22.566,0.05
1619,-7.288,0.05
1620,-0.29599999999999993,0.05
1621,-3.7319999999999993,0.05
1622,0.19399999999999995,0.05
1623,-0.29599999999999993,0.05
1624,0.19399999999999995,0.05
1625,-0.8260000000000005,0.05
1626,-0.14999999999999858,0.05
1627,-0.8020000000000014,0.05
1628,5.284000000000001,0.05
1629,-7.9559999999999995,0.05
1630,-8.758000000000001,0.05
1631,-7.9559999999999995,0.05
1632,-7.9559999999999995,0.05
1633,-7.6259999999999994,0.05
1634,-1.1879999999999997,0.05
1635,6.6019999999999985,0.05
1636,-7.359999999999999,0.05
1637,6.993999999999999,0.05
1638,-7.9559999999999995,0.05
1639,-3.1900000000000013,0.05
1640,-1.1879999999999997,0.05
1641,4.72,0.05
1642,4.426,0.05
1643,-7.4559999999999995,0.05
1644,-7.9559999999999995,0.05
1645,-0.5600000000000005,0.05
1646,-7.9559999999999995,0.05
1647,-2.5,0.05
1648,-7.9559999999999995,0.05
1649,-0.7840000000000007,0.05
1650,-7.9559999999999995,0.05
1651,13.774000000000003,0.05
1652,-7.593999999999999,0.05
1653,-6.550000000000001,0.05
1654,-3.3419999999999996,0.05
1655,-2.63,0.05
1656,-7.546,0.05
1657,-6.582000000000001,0.05
1658,-6.574,0.05
1659,-7.6579999999999995,0.05
1660,-6.140000000000001,0.05
1661,-7.35,0.05
1662,5.952,0.05
1663,-8.734,0.05
1664,-6.550000000000001,0.05
1665,-8.474,0.05
1666,-0.8899999999999988,0.05
1667,-6.582000000000001,0.05
1668,-2.0699999999999985,0.05
1669,-6.140000000000001,0.05
1670,17.69,0.05
1671,-0.45399999999999974,0.05
1672,0.002000000000000113,0.05
1673,5.276000000000002,0.05
1674,18.67,0.05
1675,-6.574,0.05
1676,0.45999999999999996,0.05
1677,-7.456,0.05
1678,-7.61,0.05
1679,-6.106,0.05
1680,-7.6579999999999995,0.05
1681,-6.606,0.05
1682,26.233999999999998,0.05
1683,-6.550000000000001,0.05
1684,-6.140000000000001,0.05
1685,-6.582000000000001,0.05
1686,15.974,0.05
1687,-6.606,0.05
1688,39.444,0.05
1689,-6.582000000000001,0.05
1690,-6.606,0.05
1691,-6.574,0.05
1692,-7.593999999999999,0.05
1693,-1.314000000000001,0.05
1694,-5.942,0.05
1695,-7.61,0.05
1696,-7.6579999999999995,0.05
1697,-8.508,0.05
1698,4.6899999999999995,0.05
1699,10.583999999999996,0.05
1700,-10.084,0.05
1701,-3.0759999999999987,0.05
1702,18.494000000000003,0.05
1703,-0.8899999999999979,0.05
1704,-6.140000000000001,0.05
1705,-6.582000000000001,0.05
1706,-0.8180000000000005,0.05
1707,3.0719999999999974,0.05
1708,-3.2300000000000013,0.05
1709,-9.206,0.05
1710,-8.475999999999999,0.05
1711,-6.606,0.05
1712,0.854000000000001,0.05
1713,11.875999999999998,0.05
1714,-0.653999999999999,0.05
1715,-6.550000000000001,0.05
1716,-6.574,0.05
1717,-2.3740000000000006,0.05
1718,-0.8180000000000005,0.05
1719,-6.574,0.05
1720,-13.155999999999999,0.05
1721,-2.46,0.05
1722,-7.6579999999999995,0.05
1723,-7.593999999999999,0.05
1724,-4.042000000000001,0.05
1725,13.739999999999998,0.05
1726,-6.606,0.05
1727,-6.582000000000001,0.05
1728,-2.3740000000000006,0.05
1729,-7.546,0.05
1730,-6.550000000000001,0.05
1731,0.9780000000000033,0.05
1732,-8.474,0.05
1733,-0.9140000000000006,0.05
1734,-6.574,0.05
1735,-8.556,0.05
1736,-6.606,0.05
1737,-9.838000000000001,0.05
1738,-7.61,0.05
1739,-7.6579999999999995,0.05
1740,-10.294,0.05
1741,5.848000000000001,0.05
1742,6.870000000000001,0.05
1743,-7.593999999999999,0.05
1744,-3.7319999999999993,0.05
1745,-7.546,0.05
1746,-4.836,0.05
1747,-9.1,0.05
1748,6.577999999999998,0.05
1749,-6.550000000000001,0.05
1750,-6.582000000000001,0.05
1751,-8.850000000000001,0.05
1752,-7.593999999999999,0.05
1753,-6.582000000000001,0.05
1754,-7.6579999999999995,0.05
1755,7.995999999999995,0.05
1756,-8.556,0.05
1757,-7.582000000000001,0.05
1758,-3.677999999999999,0.05
1759,0.002000000000000113,0.05
1760,0.19399999999999995,0.05
1761,-7.456,0.05
1762,-6.606,0.05
1763,-0.9859999999999989,0.05
1764,-6.574,0.05
1765,-8.508,0.05
1766,-6.308,0.05
1767,-0.71,0.05
1768,9.285999999999996,0.05
1769,5.7940000000000005,0.05
1770,2.6100000000000008,0.05
1771,-9.308,0.05
1772,25.911999999999992,0.05
1773,-6.574,0.05
1774,6.314,0.05
1775,-6.242000000000001,0.05
1776,-7.61,0.05
1777,-6.574,0.05
1778,-6.582000000000001,0.05
1779,-0.39999999999999836,0.05
1780,-1.3280000000000012,0.05
1781,-4.836,0.05
1782,-6.582000000000001,0.05
1783,-5.903999999999999,0.05
1784,-6.636,0.05
1785,-6.574,0.05
1786,20.46,0.05
1787,-6.308,0.05
1788,-5.564,0.05
1789,-3.888,0.05
1790,-6.606,0.05
1791,-7.61,0.05
1792,7.161999999999999,0.05
1793,3.9779999999999998,0.05
1794,14.363999999999997,0.05
1795,-1.7400000000000002,0.05
1796,-6.574,0.05
1797,-2.1240000000000006,0.05
1798,18.99,0.05
1799,0.050000000000000155,0.05
1800,19.192,0.05
1801,-6.106,0.05
1802,-1.9939999999999998,0.05
1803,-6.212,0.05
1804,-0.011999999999998678,0.05
1805,6.620000000000003,0.05
1806,-6.606,0.05
1807,3.554000000000002,0.05
1808,-10.322,0.05
1809,-6.606,0.05
1810,-0.8180000000000005,0.05
1811,-6.550000000000001,0.05
1812,-8.090000000000002,0.05
1813,-7.35,0.05
1814,7.485999999999999,0.05
1815,9.165999999999995,0.05
1816,-8.913999999999998,0.05
1817,-8.636,0.05
1818,-7.6579999999999995,0.05
1819,-7.546,0.05
1820,-6.582000000000001,0.05
1821,5.760000000000002,0.05
1822,-2.268,0.05
1823,5.138000000000001,0.05
1824,-8.806,0.05
1825,-1.6439999999999984,0.05
1826,-6.582000000000001,0.05
1827,8.962000000000003,0.05
1828,-6.582000000000001,0.05
1829,-6.236,0.05
1830,19.142000000000003,0.05
1831,-6.606,0.05
1832,-4.41,0.05
1833,-6.606,0.05
1834,5.718000000000002,0.05
1835,6.751999999999997,0.05
1836,7.099999999999999,0.05
1837,0.5879999999999992,0.05
1838,0.4920000000000009,0.05
1839,5.276000000000001,0.05
1840,-7.61,0.05
1841,-8.806,0.05
1842,-6.574,0.05
1843,-6.606,0.05
1844,-6.550000000000001,0.05
1845,-7.36,0.05
1846,0.5879999999999992,0.05
1847,-0.38400000000000034,0.05
1848,-6.606,0.05
1849,-7.61,0.05
1850,0.45999999999999996,0.05
1851,-1.6759999999999984,0.05
1852,-7.61,0.05
1853,-7.456,0.05
1854,-2.3740000000000006,0.05
1855,-6.582000000000001,0.05
1856,6.471999999999999,0.05
1857,-2.821999999999999,0.05
1858,-6.606,0.05
1859,-8.434,0.05
1860,-7.6579999999999995,0.05
1861,-7.593999999999999,0.05
1862,-7.593999999999999,0.05
1863,0.002000000000000113,0.05
1864,-6.550000000000001,0.05
1865,-7.36,0.05
1866,4.395999999999999,0.05
1867,6.488000000000001,0.05
1868,-0.9859999999999989,0.05
1869,-6.574,0.05
1870,-0.7199999999999989,0.05
1871,-6.582000000000001,0.05
1872,-8.806,0.05
1873,-8.806,0.05
1874,-2.1340000000000012,0.05
1875,-7.61,0.05
1876,-6.574,0.05
1877,15.667999999999996,0.05
1878,-7.61,0.05
1879,11.078000000000003,0.05
1880,-6.582000000000001,0.05
1881,-1.9079999999999995,0.05
1882,-7.35,0.05
1883,-0.8899999999999988,0.05
1884,-6.582000000000001,0.05
1885,6.506000000000002,0.05
1886,10.469999999999999,0.05
1887,-6.574,0.05
1888,-0.8180000000000005,0.05
1889,-7.6579999999999995,0.05
1890,-1.588,0.05
1891,-6.606,0.05
1892,0.6200000000000001,0.05
1893,-2.305999999999999,0.05
1894,-7.6259999999999994,0.05
1895,0.5819999999999999,0.05
1896,0.12399999999999967,0.05
1897,-7.4559999999999995,0.05
1898,-7.384,0.05
1899,0.6300000000000008,0.05
1900,-7.602,0.05
1901,-7.9559999999999995,0.05
1902,0.050000000000000155,0.05
1903,4.942000000000002,0.05
1904,14.641999999999996,0.05
1905,15.556000000000001,0.05
1906,-6.606,0.05
1907,-0.5499999999999989,0.05
1908,-0.6000000000000014,0.05
1909,-11.876,0.05
1910,0.36400000000000077,0.05
1911,-6.606,0.05
1912,-7.6579999999999995,0.05
1913,-6.582000000000001,0.05
1914,-6.606,0.05
1915,-8.758000000000001,0.05
1916,-0.29599999999999993,0.05
1917,0.5339999999999998,0.05
1918,-8.036000000000001,0.05
1919,0.21799999999999908,0.05
1920,0.18599999999999905,0.05
1921,-0.7519999999999989,0.05
1922,-1.1879999999999997,0.05
1923,-7.9559999999999995,0.05
1924,5.244,0.05
1925,-7.384,0.05
1926,6.993999999999999,0.05
1927,7.025999999999999,0.05
1928,-3.789999999999999,0.05
1929,-1.1879999999999997,0.05
1930,-2.7899999999999996,0.05
1931,19.693999999999996,0.05
1932,-1.7400000000000002,0.05
1933,-0.48800000000000043,0.05
1934,8.865999999999998,0.05
1935,-0.29599999999999993,0.05
1936,14.840000000000003,0.05
1937,-7.9559999999999995,0.05
1938,-7.9559999999999995,0.05
1939,-7.6259999999999994,0.05
1940,-8.694,0.05
1941,-7.9559999999999995,0.05
1942,-6.574,0.05
1943,-7.9559999999999995,0.05
1944,5.643999999999999,0.05
1945,11.578,0.05
1946,6.1179999999999986,0.05
1947,-7.9559999999999995,0.05
1948,-8.758000000000001,0.05
1949,-0.7700000000000014,0.05
1950,-7.9559999999999995,0.05
1951,-2.1559999999999997,0.05
1952,-9.008,0.05
1953,-7.634,0.05
1954,-1.1900000000000013,0.05
1955,-8.806,0.05
1956,-1.1879999999999997,0.05
1957,-8.758000000000001,0.05
1958,-1.0819999999999999,0.05
1959,-7.6259999999999994,0.05
1960,-0.9600000000000009,0.05
1961,19.334000000000003,0.05
1962,-9.862,0.05
1963,-2.1800000000000006,0.05
1964,-8.741999999999999,0.05
1965,4.054,0.05
1966,-7.2059999999999995,0.05
1967,6.154,0.05
1968,-7.9559999999999995,0.05
1969,-7.634,0.05
1970,-7.9559999999999995,0.05
1971,-8.694,0.05
1972,23.414,0.05
1973,-7.6579999999999995,0.05
1974,9.649999999999997,0.05
1975,6.679999999999999,0.05
1976,-9.76,0.05
1977,-7.9559999999999995,0.05
1978,-1.087999999999997,0.05
1979,-10.049999999999999,0.05
1980,-1.1879999999999997,0.05
1981,-7.9559999999999995,0.05
1982,-1.1879999999999997,0.05
1983,6.337999999999999,0.05
1984,-1.7400000000000002,0.05
1985,-7.9559999999999995,0.05
1986,29.345999999999997,0.05
1987,-6.994,0.05
1988,-1.58,0.05
1989,8.181999999999999,0.05
1990,-8.832,0.05
1991,-0.29599999999999993,0.05
1992,-0.39200000000000124,0.05
1993,-7.9559999999999995,0.05
1994,2.8560000000000016,0.05
1995,-2.2299999999999986,0.05
1996,6.993999999999999,0.05
1997,3.370000000000001,0.05
1998,-8.758000000000001,0.05
1999,12.553999999999998,0.05
2000,-1.1879999999999997,0.05
2001,2.4119999999999955,0.05
2002,12.237999999999996,0.05
2003,-12.666,0.05
2004,-1.1879999999999997,0.05
2005,21.580000000000002,0.05
2006,4.244,0.05
2007,-0.8799999999999997,0.05
2008,-0.7700000000000014,0.05
2009,-1.1879999999999997,0.05
2010,6.154000000000002,0.05
2011,6.024000000000001,0.05
2012,-0.7780000000000005,0.05
2013,-8.741999999999999,0.05
2014,-8.758000000000001,0.05
2015,-8.758000000000001,0.05
2016,-8.758000000000001,0.05
2017,31.372,0.05
2018,-9.847999999999999,0.05
2019,-7.9559999999999995,0.05
2020,0.16199999999999992,0.05
2021,0.19399999999999995,0.05
2022,-3.586000000000001,0.05
2023,-8.402,0.05
2024,-7.9559999999999995,0.05
2025,0.48600000000000065,0.05
2026,-2.2380000000000013,0.05
2027,5.004000000000001,0.05
2028,12.857999999999999,0.05
2029,15.445999999999994,0.05
2030,-7.9559999999999995,0.05
2031,8.661999999999999,0.05
2032,-7.9559999999999995,0.05
2033,-1.3780000000000001,0.05
2034,20.974,0.05
2035,0.524,0.05
2036,-0.22200000000000042,0.05
2037,-3.0119999999999987,0.05
2038,-7.9559999999999995,0.05
2039,0.18599999999999905,0.05
2040,-7.6259999999999994,0.05
2041,-3.968,0.05
2042,-8.758000000000001,0.05
2043,-7.634,0.05
2044,-7.9559999999999995,0.05
2045,0.5960000000000001,0.05
2046,-7.9559999999999995,0.05
2047,-7.9559999999999995,0.05
2048,-7.634,0.05
2049,-7.9559999999999995,0.05
2050,-2.63,0.05
2051,5.717999999999998,0.05
2052,-6.606,0.05
2053,-5.973999999999999,0.05
2054,-6.606,0.05
2055,0.6200000000000001,0.05
2056,-0.9299999999999997,0.05
2057,5.613999999999999,0.05
2058,-0.8259999999999996,0.05
2059,-7.9559999999999995,0.05
2060,0.19399999999999995,0.05
2061,5.877999999999998,0.05
2062,-9.008,0.05
2063,-7.634,0.05
2064,-0.3180000000000014,0.05
2065,-7.9559999999999995,0.05
2066,6.08,0.05
2067,-7.9559999999999995,0.05
2068,-0.5600000000000005,0.05
2069,-2.176,0.05
2070,-6.550000000000001,0.05
2071,9.943999999999999,0.05
2072,19.637999999999998,0.05
2073,-0.6560000000000015,0.05
2074,-7.6259999999999994,0.05
2075,-4.869999999999999,0.05
2076,7.388,0.05
2077,-7.9559999999999995,0.05
2078,-7.9559999999999995,0.05
2079,-7.6259999999999994,0.05
2080,-6.712,0.05
2081,-7.9559999999999995,0.05
2082,-7.546,0.05
2083,6.314,0.05
2084,7.099999999999999,0.05
2085,-3.808,0.05
2086,-3.259999999999999,0.05
2087,-7.61,0.05
2088,-7.593999999999999,0.05
2089,-6.550000000000001,0.05
2090,-7.6579999999999995,0.05
2091,-6.606,0.05
2092,-7.546,0.05
2093,6.1480000000000015,0.05
2094,-7.6579999999999995,0.05
2095,-3.543999999999999,0.05
2096,3.272000000000002,0.05
2097,-0.05799999999999983,0.05
2098,-7.1579999999999995,0.05
2099,-6.606,0.05
2100,-6.582000000000001,0.05
2101,-7.61,0.05
2102,-6.582000000000001,0.05
2103,6.398,0.05
2104,-6.606,0.05
2105,-0.3860000000000021,0.05
2106,2.1699999999999964,0.05
2107,2.960000000000001,0.05
2108,21.686000000000003,0.05
2109,-0.677999999999999,0.05
2110,2.8320000000000007,0.05
2111,-13.466,0.05
2112,-2.1339999999999986,0.05
2113,-7.9559999999999995,0.05
2114,-8.298,0.05
2115,20.572000000000003,0.05
2116,-3.2039999999999993,0.05
2117,6.425999999999998,0.05
2118,6.077999999999999,0.05
2119,-0.7840000000000007,0.05
2120,0.16199999999999992,0.05
2121,0.21799999999999908,0.05
2122,-7.9559999999999995,0.05
2123,-0.28000000000000025,0.05
2124,-7.9559999999999995,0.05
2125,-8.758000000000001,0.05
2126,-7.602,0.05
2127,0.19399999999999995,0.05
2128,0.19399999999999995,0.05
2129,-7.128,0.05
2130,13.444000000000004,0.05
2131,11.774,0.05
2132,-2.2380000000000013,0.05
2133,-7.288,0.05
2134,-9.838,0.05
2135,-7.9559999999999995,0.05
2136,0.18599999999999905,0.05
2137,-7.9559999999999995,0.05
2138,5.994,0.05
2139,-3.2819999999999983,0.05
2140,-8.475999999999999,0.05
2141,20.25,0.05
2142,-7.9559999999999995,0.05
2143,-7.6579999999999995,0.05
2144,-8.58,0.05
2145,0.16199999999999992,0.05
2146,-7.9559999999999995,0.05
2147,17.436,0.05
2148,0.6200000000000001,0.05
2149,1.091999999999997,0.05
2150,-7.9559999999999995,0.05
2151,6.853999999999999,0.05
2152,14.146,0.05
2153,14.404000000000003,0.05
2154,12.518,0.05
2155,-8.694,0.05
2156,6.9140000000000015,0.05
2157,0.16199999999999992,0.05
2158,0.19399999999999995,0.05
2159,-7.6579999999999995,0.05
2160,24.025999999999996,0.05
2161,6.134,0.05
2162,-7.384,0.05
2163,-8.69,0.05
2164,-3.896,0.05
2165,-7.2059999999999995,0.05
2166,14.116000000000001,0.05
2167,-7.9559999999999995,0.05
2168,-7.6579999999999995,0.05
2169,-7.6259999999999994,0.05
2170,-7.6259999999999994,0.05
2171,6.4719999999999995,0.05
2172,-1.1879999999999997,0.05
2173,15.195999999999998,0.05
2174,7.35,0.05
2175,48.10399999999999,0.05
2176,-7.9559999999999995,0.05
2177,-10.378,0.05
2178,-1.1879999999999997,0.05
2179,-9.008,0.05
2180,-7.9559999999999995,0.05
2181,-7.9559999999999995,0.05
2182,-6.254,0.05
2183,-7.9559999999999995,0.05
2184,12.458000000000002,0.05
2185,-5.962,0.05
2186,19.136000000000003,0.05
2187,-6.582000000000001,0.05
2188,14.642,0.05
2189,-8.13,0.05
2190,-6.606,0.05
2191,-0.6000000000000014,0.05
2192,5.773999999999997,0.05
2193,-8.694,0.05
2194,-7.61,0.05
2195,-8.556,0.05
2196,-1.7080000000000002,0.05
2197,-0.9859999999999989,0.05
2198,-2.2460000000000004,0.05
2199,-7.61,0.05
2200,-7.6579999999999995,0.05
2201,-7.582000000000001,0.05
2202,-2.006000000000001,0.05
2203,2.984,0.05
2204,-8.54,0.05
2205,-6.606,0.05
2206,-8.402000000000001,0.05
2207,0.45999999999999996,0.05
2208,0.798,0.05
2209,-11.616,0.05
2210,-6.582000000000001,0.05
2211,-6.606,0.05
2212,-6.606,0.05
2213,-7.9559999999999995,0.05
2214,-15.868,0.05
2215,1.288000000000002,0.05
2216,-6.582000000000001,0.05
2217,-6.236,0.05
2218,-6.550000000000001,0.05
2219,-1.0139999999999971,0.05
2220,-8.69,0.05
2221,-9.49,0.05
2222,33.948,0.05
2223,-0.8259999999999996,0.05
2224,-3.1860000000000017,0.05
2225,-1.1879999999999997,0.05
2226,12.692000000000004,0.05
2227,12.227999999999998,0.05
2228,-7.9559999999999995,0.05
2229,-7.634,0.05
2230,19.381999999999998,0.05
2231,7.025999999999999,0.05
2232,-1.1879999999999997,0.05
2233,-1.1879999999999997,0.05
2234,-9.49,0.05
2235,-7.6259999999999994,0.05
2236,-1.1879999999999997,0.05
2237,5.430000000000001,0.05
2238,6.359999999999999,0.05
2239,-0.6800000000000006,0.05
2240,11.373999999999995,0.05
2241,-8.7,0.05
2242,3.982000000000001,0.05
2243,-7.9559999999999995,0.05
2244,-0.7619999999999996,0.05
2245,-7.9559999999999995,0.05
2246,-7.9559999999999995,0.05
2247,-10.639999999999999,0.05
2248,0.21999999999999975,0.05
2249,-7.9559999999999995,0.05
2250,-0.17400000000000038,0.05
2251,-7.9559999999999995,0.05
2252,-7.6259999999999994,0.05
2253,-7.634,0.05
2254,-1.0819999999999999,0.05
2255,-8.694,0.05
2256,-7.634,0.05
2257,-7.9559999999999995,0.05
2258,-13.016,0.05
2259,17.697999999999997,0.05
2260,-8.572,0.05
2261,-7.602,0.05
2262,5.526000000000002,0.05
2263,-7.9559999999999995,0.05
2264,-7.634,0.05
2265,6.2840000000000025,0.05
2266,-8.475999999999999,0.05
2267,5.077999999999998,0.05
2268,-7.6579999999999995,0.05
2269,11.186,0.05
2270,-4.525999999999998,0.05
2271,12.477999999999998,0.05
2272,-7.9559999999999995,0.05
2273,-7.9559999999999995,0.05
2274,-8.806,0.05
2275,-7.634,0.05
2276,8.304,0.05
2277,7.830000000000004,0.05
2278,-0.29599999999999993,0.05
2279,-7.9559999999999995,0.05
2280,5.422,0.05
2281,0.6919999999999993,0.05
2282,-7.6259999999999994,0.05
2283,5.911999999999998,0.05
2284,16.49,0.05
2285,5.76,0.05
2286,0.16199999999999992,0.05
2287,-0.7619999999999996,0.05
2288,17.36,0.05
2289,-8.874,0.05
2290,-7.9559999999999995,0.05
2291,3.7459999999999996,0.05
2292,0.5960000000000001,0.05
2293,-7.6259999999999994,0.05
2294,-7.9559999999999995,0.05
2295,-10.354,0.05
2296,-7.9559999999999995,0.05
2297,-6.85,0.05
2298,-7.9559999999999995,0.05
2299,19.238,0.05
2300,5.952,0.05
2301,1.9000000000000021,0.05
2302,-9.766,0.05
2303,6.202000000000002,0.05
2304,-5.822,0.05
2305,-5.053999999999999,0.05
2306,-6.606,0.05
2307,-6.582000000000001,0.05
2308,-7.61,0.05
2309,-8.876,0.05
2310,5.76,0.05
2311,-7.545999999999999,0.05
2312,22.739999999999995,0.05
2313,-4.152000000000002,0.05
2314,-6.606,0.05
2315,-6.606,0.05
2316,-7.6579999999999995,0.05
2317,-6.606,0.05
2318,-7.593999999999999,0.05
2319,-7.456,0.05
2320,-8.638,0.05
2321,-7.976000000000001,0.05
2322,0.2099999999999973,0.05
2323,-7.61,0.05
2324,-6.574,0.05
2325,-6.606,0.05
2326,-0.8879999999999999,0.05
2327,-6.606,0.05
2328,-8.530000000000001,0.05
2329,-7.4559999999999995,0.05
2330,7.26,0.05
2331,-0.629999999999999,0.05
2332,-8.565999999999999,0.05
2333,-6.582000000000001,0.05
2334,1.8139999999999947,0.05
2335,-5.926,0.05
2336,-6.550000000000001,0.05
2337,19.724,0.05
2338,-6.550000000000001,0.05
2339,-6.308,0.05
2340,-7.564,0.05
2341,-8.734,0.05
2342,12.884000000000002,0.05
2343,13.241999999999997,0.05
2344,-7.6259999999999994,0.05
2345,-2.876,0.05
2346,-2.5459999999999994,0.05
2347,-6.308,0.05
2348,-6.792,0.05
2349,-7.534000000000001,0.05
2350,29.344,0.05
2351,-6.574,0.05
2352,12.639999999999999,0.05
2353,-10.049999999999999,0.05
2354,-3.128,0.05
2355,6.501999999999998,0.05
2356,13.168000000000001,0.05
2357,-2.604000000000001,0.05
2358,1.3900000000000006,0.05
2359,0.18599999999999905,0.05
2360,-7.384,0.05
2361,5.920000000000002,0.05
2362,-7.384,0.05
2363,-7.9559999999999995,0.05
2364,0.7619999999999969,0.05
2365,-7.546,0.05
2366,-1.160000000000001,0.05
2367,-6.574,0.05
2368,-4.97,0.05
2369,-3.0380000000000003,0.05
2370,-7.9559999999999995,0.05
2371,-6.582000000000001,0.05
2372,12.838000000000001,0.05
2373,-0.7619999999999996,0.05
2374,-7.9559999999999995,0.05
2375,17.452000000000005,0.05
2376,0.19399999999999995,0.05
2377,-7.9559999999999995,0.05
2378,-0.7619999999999996,0.05
2379,-0.29599999999999993,0.05
2380,-7.9559999999999995,0.05
2381,-0.29599999999999993,0.05
2382,13.440000000000001,0.05
2383,3.929999999999998,0.05
2384,-8.741999999999999,0.05
2385,-7.9559999999999995,0.05
2386,0.18599999999999905,0.05
2387,0.16199999999999992,0.05
2388,-8.874,0.05
2389,5.397999999999998,0.05
2390,-0.8899999999999988,0.05
2391,2.6500000000000004,0.05
2392,30.689999999999998,0.05
2393,-8.774000000000001,0.05
2394,-11.334,0.05
2395,-7.9559999999999995,0.05
2396,-7.9559999999999995,0.05
2397,9.308000000000002,0.05
2398,-6.236,0.05
2399,-0.8180000000000005,0.05
2400,-1.8840000000000003,0.05
2401,18.404,0.05
2402,-6.140000000000001,0.05
2403,-6.550000000000001,0.05
2404,-6.574,0.05
2405,-7.328,0.05
2406,-0.5759999999999996,0.05
2407,-7.36,0.05
2408,-5.148000000000002,0.05
2409,-6.582000000000001,0.05
2410,-4.281999999999999,0.05
2411,-9.206,0.05
2412,-0.5500000000000016,0.05
2413,-7.175999999999999,0.05
2414,-6.582000000000001,0.05
2415,14.443999999999996,0.05
2416,-0.8899999999999988,0.05
2417,-7.61,0.05
2418,-5.962,0.05
2419,13.777999999999999,0.05
2420,-6.606,0.05
2421,5.352000000000001,0.05
2422,2.8339999999999996,0.05
2423,5.056000000000003,0.05
2424,-1.6339999999999995,0.05
2425,-7.61,0.05
2426,-2.2840000000000007,0.05
2427,-6.582000000000001,0.05
2428,-1.370000000000001,0.05
2429,-7.61,0.05
2430,-10.354000000000001,0.05
2431,-9.704,0.05
2432,-6.574,0.05
2433,0.6300000000000008,0.05
2434,-8.738,0.05
2435,-9.922,0.05
2436,-7.6579999999999995,0.05
2437,-7.61,0.05
2438,-7.546,0.05
2439,-0.9140000000000006,0.05
2440,-6.236,0.05
2441,-7.634,0.05
2442,-6.308,0.05
2443,-8.13,0.05
2444,-16.788,0.05
2445,6.772,0.05
2446,-8.694,0.05
2447,16.076,0.05
2448,-9.134,0.05
2449,-6.574,0.05
2450,-6.606,0.05
2451,-7.6579999999999995,0.05
2452,-6.582000000000001,0.05
2453,4.749999999999999,0.05
2454,-7.582000000000001,0.05
2455,-0.41999999999999904,0.05
2456,-7.182,0.05
2457,-6.550000000000001,0.05
2458,4.204000000000002,0.05
2459,-7.6579999999999995,0.05
2460,-7.2059999999999995,0.05
2461,-0.28000000000000025,0.05
2462,0.21799999999999908,0.05
2463,-0.29599999999999993,0.05
2464,-0.8259999999999996,0.05
2465,-7.9559999999999995,0.05
2466,-9.704,0.05
2467,-2.38,0.05
2468,-7.9559999999999995,0.05
2469,-6.574,0.05
2470,8.704000000000002,0.05
2471,-0.29599999999999993,0.05
2472,-7.6579999999999995,0.05
2473,22.032000000000004,0.05
2474,-7.4559999999999995,0.05
2475,0.16199999999999992,0.05
2476,-7.634,0.05
2477,-10.526,0.05
2478,-7.9559999999999995,0.05
2479,-7.9559999999999995,0.05
2480,-1.3440000000000003,0.05
2481,5.569999999999999,0.05
2482,-7.6579999999999995,0.05
2483,-8.734,0.05
2484,-1.3100000000000005,0.05
2485,7.594,0.05
2486,28.746000000000002,0.05
2487,-7.843999999999999,0.05
2488,-2.2840000000000007,0.05
2489,7.4520000000000035,0.05
2490,18.349999999999998,0.05
2491,13.136000000000001,0.05
2492,-6.582000000000001,0.05
2493,-0.9140000000000006,0.05
2494,-7.546,0.05
2495,-7.546,0.05
2496,-0.8879999999999999,0.05
2497,-8.638,0.05
2498,7.219999999999999,0.05
2499,-8.806,0.05
2500,2.078000000000001,0.05
2501,0.06399999999999884,0.05
2502,-6.550000000000001,0.05
2503,3.81,0.05
2504,-7.546,0.05
2505,-6.449999999999999,0.05
2506,-6.606,0.05
2507,-6.550000000000001,0.05
2508,-8.77,0.05
2509,0.5879999999999992,0.05
2510,-6.582000000000001,0.05
2511,-7.6579999999999995,0.05
2512,-2.057999999999998,0.05
2513,-8.806,0.05
2514,-7.175999999999999,0.05
2515,0.798,0.05
2516,-6.582000000000001,0.05
2517,-7.9559999999999995,0.05
2518,0.002000000000000113,0.05
2519,-6.582000000000001,0.05
2520,-2.469999999999999,0.05
2521,-6.550000000000001,0.05
2522,-2.0200000000000005,0.05
2523,5.981999999999999,0.05
2524,-1.7479999999999998,0.05
2525,-0.29599999999999993,0.05
2526,-7.9559999999999995,0.05
2527,-0.677999999999999,0.05
2528,-0.9859999999999989,0.05
2529,4.404,0.05
2530,-7.6579999999999995,0.05
2531,0.6200000000000001,0.05
2532,-7.9559999999999995,0.05
2533,9.565999999999999,0.05
2534,-7.9559999999999995,0.05
2535,0.18599999999999905,0.05
2536,-2.3100000000000005,0.05
2537,-7.9559999999999995,0.05
2538,-9.008,0.05
2539,-7.9559999999999995,0.05
2540,-0.7519999999999989,0.05
2541,-2.8759999999999994,0.05
2542,15.542000000000002,0.05
2543,-7.634,0.05
2544,20.361999999999995,0.05
2545,-7.6579999999999995,0.05
2546,-0.4320000000000004,0.05
2547,14.000000000000002,0.05
2548,7.2500000000000036,0.05
2549,-9.008,0.05
2550,15.570000000000002,0.05
2551,-8.774000000000001,0.05
2552,-7.9559999999999995,0.05
2553,0.18599999999999905,0.05
2554,5.582000000000001,0.05
2555,-7.9559999999999995,0.05
2556,-7.9559999999999995,0.05
2557,-0.7619999999999996,0.05
2558,-8.75,0.05
2559,-7.9559999999999995,0.05
2560,-0.29599999999999993,0.05
2561,0.18599999999999905,0.05
2562,5.3580000000000005,0.05
2563,2.2159999999999993,0.05
2564,-9.008,0.05
2565,-7.634,0.05
2566,-7.9559999999999995,0.05
2567,-9.008,0.05
2568,0.21799999999999908,0.05
2569,0.19399999999999995,0.05
2570,4.157999999999998,0.05
2571,7.587999999999998,0.05
2572,5.413999999999998,0.05
2573,-8.58,0.05
2574,-7.9559999999999995,0.05
2575,-10.04,0.05
2576,-1.1879999999999997,0.05
2577,-0.29599999999999993,0.05
2578,-7.9559999999999995,0.05
2579,-6.978,0.05
2580,-7.6579999999999995,0.05
2581,-0.7700000000000014,0.05
2582,13.147999999999998,0.05
2583,3.773999999999999,0.05
2584,5.123999999999999,0.05
2585,-0.8699999999999992,0.05
2586,-0.29599999999999993,0.05
2587,-1.1879999999999997,0.05
2588,-7.9559999999999995,0.05
2589,-7.9559999999999995,0.05
2590,20.092000000000002,0.05
2591,-2.5760000000000005,0.05
2592,-3.799999999999999,0.05
2593,-3.2819999999999983,0.05
2594,-1.1879999999999997,0.05
2595,12.47,0.05
2596,-7.784000000000001,0.05
2597,-7.9559999999999995,0.05
2598,-7.6579999999999995,0.05
2599,-7.9559999999999995,0.05
2600,47.29599999999999,0.05
2601,19.330000000000002,0.05
2602,-7.6259999999999994,0.05
2603,-0.8699999999999992,0.05
2604,-7.602,0.05
2605,4.878000000000002,0.05
2606,-7.9559999999999995,0.05
2607,5.318000000000001,0.05
2608,-7.9559999999999995,0.05
2609,-6.606,0.05
2610,-6.636,0.05
2611,-2.233999999999998,0.05
2612,1.1959999999999997,0.05
2613,-1.4399999999999997,0.05
2614,-6.606,0.05
2615,-6.606,0.05
2616,-1.2180000000000009,0.05
2617,-10.567999999999998,0.05
2618,0.6620000000000008,0.05
2619,-6.308,0.05
2620,20.412000000000003,0.05
2621,-8.450000000000001,0.05
2622,-8.82,0.05
2623,-7.182,0.05
2624,-2.596000000000001,0.05
2625,-10.662,0.05
2626,-8.69,0.05
2627,6.660000000000002,0.05
2628,-6.550000000000001,0.05
2629,-6.606,0.05
2630,-0.9140000000000006,0.05
2631,-6.606,0.05
2632,5.829999999999998,0.05
2633,-10.048,0.05
2634,-6.582000000000001,0.05
2635,-7.456,0.05
2636,2.272000000000002,0.05
2637,13.454000000000002,0.05
2638,6.985999999999997,0.05
2639,2.8640000000000025,0.05
2640,-7.61,0.05
2641,-6.236,0.05
2642,-6.185999999999999,0.05
2643,-1.0739999999999998,0.05
2644,-0.7600000000000007,0.05
2645,-9.826,0.05
2646,-7.6579999999999995,0.05
2647,-7.593999999999999,0.05
2648,-0.4059999999999977,0.05
2649,0.002000000000000113,0.05
2650,-0.5219999999999994,0.05
2651,9.019999999999996,0.05
2652,-6.574,0.05
2653,-3.534,0.05
2654,-8.514,0.05
2655,-6.140000000000001,0.05
2656,-6.506,0.05
2657,-7.61,0.05
2658,-0.8899999999999988,0.05
2659,0.5960000000000001,0.05
2660,-6.606,0.05
2661,-0.9140000000000006,0.05
2662,-7.6579999999999995,0.05
2663,-0.4400000000000013,0.05
2664,-8.556,0.05
2665,-0.5599999999999987,0.05
2666,-4.106,0.05
2667,-6.574,0.05
2668,-6.708,0.05
2669,12.83,0.05
2670,-0.5599999999999987,0.05
2671,-6.606,0.05
2672,-10.44,0.05
2673,-0.4560000000000002,0.05
2674,-0.8180000000000005,0.05
2675,-5.146000000000001,0.05
2676,-6.236,0.05
2677,-0.5759999999999996,0.05
2678,-10.226,0.05
2679,-6.582000000000001,0.05
2680,-6.582000000000001,0.05
2681,-0.03399999999999892,0.05
2682,-7.36,0.05
2683,-0.2939999999999987,0.05
2684,-2.2860000000000005,0.05
2685,-6.550000000000001,0.05
2686,-7.6579999999999995,0.05
2687,7.359999999999997,0.05
2688,13.466000000000003,0.05
2689,-7.61,0.05
2690,0.36400000000000077,0.05
2691,5.552000000000001,0.05
2692,-7.6579999999999995,0.05
2693,12.772000000000002,0.05
2694,-6.606,0.05
2695,0.45999999999999996,0.05
2696,-6.606,0.05
2697,-6.606,0.05
2698,10.874,0.05
2699,6.679999999999999,0.05
2700,-2.3359999999999985,0.05
2701,-7.9559999999999995,0.05
2702,-9.008,0.05
2703,-3.768,0.05
2704,-3.55,0.05
2705,7.025999999999999,0.05
2706,5.050000000000001,0.05
2707,-8.75,0.05
2708,6.993999999999999,0.05
2709,-7.9559999999999995,0.05
2710,3.118000000000002,0.05
2711,-9.986,0.05
2712,-1.1879999999999997,0.05
2713,-8.75,0.05
2714,-8.75,0.05
2715,-7.9559999999999995,0.05
2716,0.7739999999999991,0.05
2717,4.4079999999999995,0.05
2718,-2.3359999999999985,0.05
2719,27.990000000000002,0.05
2720,-7.9559999999999995,0.05
2721,12.806000000000001,0.05
2722,-0.39999999999999947,0.05
2723,-9.008,0.05
2724,-4.999999999999998,0.05
2725,-7.9559999999999995,0.05
2726,-10.31,0.05
2727,9.844000000000003,0.05
2728,-9.008,0.05
2729,-7.9559999999999995,0.05
2730,-5.159999999999999,0.05
2731,7.470000000000002,0.05
2732,-8.709999999999999,0.05
2733,14.862000000000004,0.05
2734,-0.8899999999999988,0.05
2735,-2.7279999999999998,0.05
2736,-1.8420000000000003,0.05
2737,-7.593999999999999,0.05
2738,6.7700000000000005,0.05
2739,6.3100000000000005,0.05
2740,3.988000000000003,0.05
2741,19.464,0.05
2742,-3.008000000000001,0.05
2743,6.282,0.05
2744,7.026000000000003,0.05
2745,-6.582000000000001,0.05
2746,-2.814,0.05
2747,-8.402,0.05
2748,-1.8579999999999997,0.05
2749,-12.514,0.05
2750,-8.69,0.05
2751,6.7459999999999996,0.05
2752,-1.370000000000001,0.05
2753,21.296000000000003,0.05
2754,6.975999999999999,0.05
2755,-7.36,0.05
2756,-14.216000000000001,0.05
2757,-9.815999999999999,0.05
2758,5.478,0.05
2759,-0.653999999999999,0.05
2760,-7.61,0.05
2761,-8.42,0.05
2762,-1.846000000000001,0.05
2763,-7.546,0.05
2764,24.235999999999997,0.05
2765,-7.35,0.05
2766,-6.574,0.05
2767,-7.36,0.05
2768,6.0500000000000025,0.05
2769,-7.61,0.05
2770,0.6300000000000008,0.05
2771,-6.212,0.05
2772,-6.550000000000001,0.05
2773,-6.582000000000001,0.05
2774,-6.574,0.05
2775,-1.1879999999999997,0.05
2776,-2.3359999999999985,0.05
2777,5.856000000000002,0.05
2778,-7.9559999999999995,0.05
2779,-9.91,0.05
2780,4.872000000000001,0.05
2781,-9.008,0.05
2782,-7.9559999999999995,0.05
2783,7.025999999999999,0.05
2784,-1.3479999999999999,0.05
2785,5.483999999999999,0.05
2786,-3.582,0.05
2787,-8.782,0.05
2788,-7.9559999999999995,0.05
2789,-1.1879999999999997,0.05
2790,-2.3359999999999985,0.05
2791,13.207999999999998,0.05
2792,-10.026,0.05
2793,-2.275999999999998,0.05
2794,-0.7940000000000005,0.05
2795,-8.660000000000002,0.05
2796,-7.9559999999999995,0.05
2797,8.598,0.05
2798,-4.84,0.05
2799,-9.008,0.05
2800,2.323999999999998,0.05
2801,-9.008,0.05
2802,-7.6579999999999995,0.05
2803,-7.9559999999999995,0.05
2804,-7.9559999999999995,0.05
2805,-7.35,0.05
2806,0.798,0.05
2807,-7.9559999999999995,0.05
2808,-7.593999999999999,0.05
2809,-7.328,0.05
2810,0.2340000000000031,0.05
2811,-4.2479999999999976,0.05
2812,8.018,0.05
2813,-8.521999999999998,0.05
2814,-8.709999999999999,0.05
2815,-6.574,0.05
2816,-6.606,0.05
2817,-7.36,0.05
2818,0.5879999999999992,0.05
2819,-6.582000000000001,0.05
2820,-0.7100000000000009,0.05
2821,-6.574,0.05
2822,18.926,0.05
2823,-7.6579999999999995,0.05
2824,15.527999999999997,0.05
2825,-6.3919999999999995,0.05
2826,14.292000000000002,0.05
2827,-7.593999999999999,0.05
2828,-0.7199999999999989,0.05
2829,-6.574,0.05
2830,-6.582000000000001,0.05
2831,-6.582000000000001,0.05
2832,-12.716,0.05
2833,-4.985999999999999,0.05
2834,1.3420000000000023,0.05
2835,-1.9780000000000006,0.05
2836,9.772000000000002,0.05
2837,-6.606,0.05
2838,-8.81,0.05
2839,-7.61,0.05
2840,-6.550000000000001,0.05
2841,-6.550000000000001,0.05
2842,-3.243999999999998,0.05
2843,-6.574,0.05
2844,16.514,0.05
2845,19.654000000000003,0.05
2846,-1.1879999999999997,0.05
2847,-7.602,0.05
2848,4.753999999999998,0.05
2849,-7.9559999999999995,0.05
2850,-6.574,0.05
2851,-7.36,0.05
2852,0.21799999999999997,0.05
2853,-9.408,0.05
2854,-3.579999999999999,0.05
2855,14.774000000000001,0.05
2856,-7.9559999999999995,0.05
2857,-6.606,0.05
2858,-9.008,0.05
2859,6.785999999999999,0.05
2860,-6.550000000000001,0.05
2861,-7.6579999999999995,0.05
2862,-0.6560000000000015,0.05
2863,-0.5759999999999996,0.05
2864,-6.606,0.05
2865,-7.9559999999999995,0.05
2866,0.3979999999999997,0.05
2867,-7.61,0.05
2868,-9.708,0.05
2869,-7.61,0.05
2870,-7.36,0.05
2871,-9.134,0.05
2872,-8.556,0.05
2873,2.368000000000002,0.05
2874,11.248000000000001,0.05
2875,-5.290000000000001,0.05
2876,-7.6579999999999995,0.05
2877,-6.606,0.05
2878,-7.9559999999999995,0.05
2879,-8.638,0.05
2880,-6.574,0.05
2881,-6.582000000000001,0.05
2882,29.016,0.05
2883,-8.474,0.05
2884,-7.295999999999999,0.05
2885,-6.236,0.05
2886,-6.606,0.05
2887,-7.546,0.05
2888,-6.3919999999999995,0.05
2889,-6.606,0.05
2890,-6.582000000000001,0.05
2891,-14.77,0.05
2892,-7.593999999999999,0.05
2893,-6.550000000000001,0.05
2894,-6.5920000000000005,0.05
2895,-0.35799999999999876,0.05
2896,5.594000000000002,0.05
2897,-5.209999999999997,0.05
2898,-0.2939999999999987,0.05
2899,-0.9219999999999997,0.05
2900,-7.384,0.05
2901,5.170000000000002,0.05
2902,-3.854,0.05
2903,-6.582000000000001,0.05
2904,-8.806,0.05
2905,-6.582000000000001,0.05
2906,-6.574,0.05
2907,-7.6579999999999995,0.05
2908,0.18599999999999905,0.05
2909,-0.7619999999999996,0.05
2910,-6.8039999999999985,0.05
2911,0.18599999999999905,0.05
2912,-0.677999999999999,0.05
2913,0.19399999999999995,0.05
2914,6.608000000000002,0.05
2915,0.16199999999999992,0.05
2916,-0.29599999999999993,0.05
2917,-2.1339999999999986,0.05
2918,6.4719999999999995,0.05
2919,-7.6259999999999994,0.05
2920,-7.288,0.05
2921,-7.9559999999999995,0.05
2922,-8.69,0.05
2923,12.102,0.05
2924,-1.1879999999999997,0.05
2925,6.134,0.05
2926,-1.1879999999999997,0.05
2927,5.9099999999999975,0.05
2928,-3.195999999999999,0.05
2929,-6.606,0.05
2930,0.8259999999999996,0.05
2931,-9.100000000000001,0.05
2932,-7.9559999999999995,0.05
2933,-7.9559999999999995,0.05
2934,-8.741999999999999,0.05
2935,-7.634,0.05
2936,-0.9140000000000006,0.05
2937,-7.9559999999999995,0.05
2938,13.796,0.05
2939,-3.26,0.05
2940,-9.728,0.05
2941,-1.1879999999999997,0.05
2942,0.23800000000000132,0.05
2943,-7.9559999999999995,0.05
2944,6.4719999999999995,0.05
2945,-2.176,0.05
2946,-2.1339999999999986,0.05
2947,-0.29599999999999993,0.05
2948,-7.9559999999999995,0.05
2949,-2.176,0.05
2950,-7.6579999999999995,0.05
2951,-1.1879999999999997,0.05
2952,-7.9559999999999995,0.05
2953,11.926,0.05
2954,-1.588,0.05
2955,-7.9559999999999995,0.05
2956,4.559999999999998,0.05
2957,-7.634,0.05
2958,-2.2199999999999998,0.05
2959,-1.230000000000002,0.05
2960,-7.9559999999999995,0.05
2961,-7.9559999999999995,0.05
2962,-10.72,0.05
2963,-6.582000000000001,0.05
2964,-6.574,0.05
2965,2.7539999999999996,0.05
2966,-0.8699999999999992,0.05
2967,-8.475999999999999,0.05
2968,-7.9559999999999995,0.05
2969,-6.106,0.05
2970,-6.582000000000001,0.05
2971,-0.29599999999999993,0.05
2972,-7.546,0.05
2973,-6.582000000000001,0.05
2974,5.826000000000001,0.05
2975,-8.475999999999999,0.05
2976,-6.362,0.05
2977,-4.969999999999999,0.05
2978,0.798,0.05
2979,-6.582000000000001,0.05
2980,-7.456,0.05
2981,-6.550000000000001,0.05
2982,-0.5499999999999989,0.05
2983,-6.308,0.05
2984,-1.588,0.05
2985,-6.550000000000001,0.05
2986,-6.574,0.05
2987,-7.602,0.05
2988,6.084,0.05
2989,-7.9559999999999995,0.05
2990,-6.236,0.05
2991,1.844000000000001,0.05
2992,-6.574,0.05
2993,-6.574,0.05
2994,-8.69,0.05
2995,-0.8799999999999999,0.05
2996,-6.212,0.05
2997,-0.5759999999999996,0.05
2998,-8.532,0.05
2999,-6.606,0.05
